amplitude,mcmc_samples
-0.03983004,0
-0.039810120000000004,0
-0.0397902,0
-0.039770280000000005,0
-0.03975036,0
-0.039730440000000006,0
-0.03971052,0
-0.039690600000000006,0
-0.03967068,0
-0.03965076000000001,0
-0.03963084,0
-0.039610919999999994,0
-0.039591,0
-0.039571079999999995,0
-0.03955116,0
-0.039531239999999995,0
-0.03951132,0
-0.039491399999999996,0
-0.03947148,0
-0.03945156,0
-0.039431640000000004,0
-0.03941172,0
-0.039391800000000005,0
-0.03937188,0
-0.039351960000000005,0
-0.03933204,0
-0.039312120000000006,0
-0.0392922,0
-0.03927228000000001,0
-0.03925236,0
-0.03923244,0
-0.03921252,0
-0.039192599999999994,0
-0.03917268,0
-0.039152759999999995,0
-0.03913284,0
-0.039112919999999995,0
-0.039093,0
-0.039073079999999996,0
-0.03905316,0
-0.03903324,0
-0.039013320000000004,0
-0.0389934,0
-0.038973480000000005,0
-0.03895356,0
-0.038933640000000005,0
-0.03891372,0
-0.038893800000000006,0
-0.03887388,0
-0.03885396000000001,0
-0.03883404,0
-0.038814119999999994,0
-0.0387942,0
-0.038774279999999994,0
-0.03875436,0
-0.038734439999999995,0
-0.03871452,0
-0.038694599999999996,0
-0.03867468,0
-0.038654759999999996,0
-0.038634840000000004,0
-0.03861492,0
-0.038595000000000004,0
-0.03857508,0
-0.038555160000000005,0
-0.03853524,0
-0.038515320000000006,0
-0.0384954,0
-0.038475480000000006,0
-0.03845556,0
-0.03843564000000001,0
-0.03841572,0
-0.038395799999999994,0
-0.03837588,0
-0.038355959999999995,0
-0.03833604,0
-0.038316119999999995,0
-0.0382962,0
-0.038276279999999996,0
-0.03825636,0
-0.03823644,0
-0.038216520000000004,0
-0.0381966,0
-0.038176680000000005,0
-0.03815676,0
-0.038136840000000005,0
-0.03811692,0
-0.038097000000000006,0
-0.03807708,0
-0.03805716000000001,0
-0.03803724,0
-0.03801732000000001,0
-0.0379974,0
-0.037977479999999994,0
-0.03795756,0
-0.037937639999999995,0
-0.03791772,0
-0.037897799999999995,0
-0.03787788,0
-0.037857959999999996,0
-0.03783804,0
-0.03781812,0
-0.037798200000000004,0
-0.03777828,0
-0.037758360000000005,0
-0.03773844,0
-0.037718520000000005,0
-0.0376986,0
-0.037678680000000006,0
-0.03765876,0
-0.03763884000000001,0
-0.03761892,0
-0.037599,0
-0.03757908,0
-0.037559159999999994,0
-0.03753924,0
-0.037519319999999995,0
-0.0374994,0
-0.037479479999999996,0
-0.03745956,0
-0.037439639999999996,0
-0.037419720000000004,0
-0.0373998,0
-0.037379880000000004,0
-0.03735996,0
-0.037340040000000005,0
-0.03732012,0
-0.037300200000000006,0
-0.03728028,0
-0.037260360000000006,0
-0.03724044,0
-0.03722052000000001,0
-0.0372006,0
-0.037180679999999994,0
-0.03716076,0
-0.037140839999999994,0
-0.03712092,0
-0.037100999999999995,0
-0.03708108,0
-0.037061159999999996,0
-0.03704124,0
-0.037021319999999996,0
-0.037001400000000004,0
-0.03698148,0
-0.036961560000000004,0
-0.03694164,0
-0.036921720000000005,0
-0.0369018,0
-0.036881880000000006,0
-0.03686196,0
-0.036842040000000006,0
-0.03682212,0
-0.03680220000000001,0
-0.03678228,0
-0.036762359999999994,0
-0.03674244,0
-0.036722519999999995,0
-0.0367026,0
-0.036682679999999995,0
-0.03666276,0
-0.036642839999999996,0
-0.03662292,0
-0.036603,0
-0.036583080000000004,0
-0.03656316,0
-0.036543240000000005,0
-0.03652332,0
-0.036503400000000005,0
-0.03648348,0
-0.036463560000000006,0
-0.03644364,0
-0.03642372000000001,0
-0.0364038,0
-0.03638388000000001,0
-0.03636396,0
-0.036344039999999994,0
-0.03632412,0
-0.036304199999999995,0
-0.03628428,0
-0.036264359999999995,0
-0.03624444,0
-0.036224519999999996,0
-0.0362046,0
-0.03618468,0
-0.036164760000000004,0
-0.03614484,0
-0.036124920000000005,0
-0.036105,0
-0.036085080000000005,0
-0.03606516,0
-0.036045240000000006,0
-0.03602532,0
-0.03600540000000001,0
-0.03598548,0
-0.03596556,0
-0.03594564,0
-0.035925719999999994,0
-0.0359058,0
-0.035885879999999995,0
-0.03586596,0
-0.035846039999999996,0
-0.03582612,0
-0.035806199999999996,0
-0.035786280000000004,0
-0.03576636,0
-0.035746440000000004,0
-0.03572652,0
-0.035706600000000005,0
-0.03568668,0
-0.035666760000000006,0
-0.03564684,0
-0.035626920000000006,0
-0.035607,0
-0.03558708000000001,0
-0.03556716,0
-0.03554724,0
-0.03552732,0
-0.035507399999999995,0
-0.03548748,0
-0.035467559999999995,0
-0.03544764,0
-0.035427719999999996,0
-0.0354078,0
-0.03538788,0
-0.035367960000000004,0
-0.03534804,0
-0.035328120000000005,0
-0.0353082,0
-0.035288280000000005,0
-0.03526836,0
-0.035248440000000006,0
-0.03522852,0
-0.03520860000000001,0
-0.03518868,0
-0.03516876000000001,0
-0.03514884,0
-0.035128919999999994,0
-0.035109,0
-0.035089079999999995,0
-0.03506916,0
-0.035049239999999995,0
-0.03502932,0
-0.035009399999999996,0
-0.03498948,0
-0.03496956,0
-0.034949640000000004,0
-0.03492972,0
-0.034909800000000005,0
-0.03488988,0
-0.034869960000000005,0
-0.03485004,0
-0.034830120000000006,0
-0.0348102,0
-0.03479028000000001,0
-0.03477036,0
-0.03475044,0
-0.03473052,0
-0.034710599999999994,0
-0.03469068,0
-0.034670759999999995,0
-0.03465084,0
-0.034630919999999996,0
-0.034611,0
-0.034591079999999996,0
-0.034571160000000004,0
-0.03455124,0
-0.034531320000000004,0
-0.0345114,0
-0.034491480000000005,0
-0.03447156,0
-0.034451640000000006,0
-0.03443172,0
-0.034411800000000006,0
-0.03439188,0
-0.03437196000000001,0
-0.03435204,0
-0.03433212,0
-0.0343122,0
-0.034292279999999994,0
-0.03427236,0
-0.034252439999999995,0
-0.03423252,0
-0.034212599999999996,0
-0.03419268,0
-0.034172759999999996,0
-0.034152840000000004,0
-0.03413292,0
-0.034113000000000004,0
-0.03409308,0
-0.034073160000000005,0
-0.03405324,0
-0.034033320000000006,0
-0.0340134,0
-0.033993480000000006,0
-0.03397356,0
-0.03395364000000001,0
-0.03393372,0
-0.0339138,0
-0.03389388,0
-0.033873959999999995,0
-0.03385404,0
-0.033834119999999995,0
-0.0338142,0
-0.033794279999999996,0
-0.03377436,0
-0.03375444,0
-0.033734520000000004,0
-0.0337146,0
-0.033694680000000005,0
-0.03367476,0
-0.033654840000000005,0
-0.03363492,0
-0.033615000000000006,0
-0.03359508,0
-0.03357516000000001,0
-0.03355524,0
-0.03353532000000001,0
-0.0335154,0
-0.033495479999999994,0
-0.03347556,0
-0.033455639999999995,0
-0.03343572,0
-0.033415799999999996,0
-0.03339588,0
-0.033375959999999996,0
-0.03335604,0
-0.03333612,0
-0.033316200000000004,0
-0.03329628,0
-0.033276360000000005,0
-0.03325644,0
-0.033236520000000006,0
-0.0332166,0
-0.033196680000000006,0
-0.03317676,0
-0.03315684000000001,0
-0.03313692,0
-0.033117,0
-0.03309708,0
-0.033077159999999994,0
-0.03305724,0
-0.033037319999999995,0
-0.0330174,0
-0.032997479999999996,0
-0.03297756,0
-0.032957639999999996,0
-0.032937720000000004,0
-0.0329178,0
-0.032897880000000004,0
-0.03287796,0
-0.032858040000000005,0
-0.03283812,0
-0.032818200000000006,0
-0.03279828,0
-0.032778360000000006,0
-0.03275844,0
-0.03273852000000001,0
-0.0327186,0
-0.03269868,0
-0.03267876,0
-0.032658839999999995,0
-0.03263892,0
-0.032618999999999995,0
-0.03259908,0
-0.032579159999999996,0
-0.03255924,0
-0.03253932,0
-0.032519400000000004,0
-0.03249948,0
-0.032479560000000005,0
-0.03245964,0
-0.032439720000000005,0
-0.0324198,0
-0.032399880000000006,0
-0.03237996,0
-0.03236004000000001,0
-0.03234012,0
-0.03232020000000001,0
-0.03230028,0
-0.03228036,0
-0.03226044,0
-0.032240519999999995,0
-0.0322206,0
-0.032200679999999995,0
-0.03218076,0
-0.032160839999999996,0
-0.03214092,0
-0.032121,0
-0.032101080000000004,0
-0.03208116,0
-0.032061240000000005,0
-0.03204132,0
-0.032021400000000005,0
-0.03200148,0
-0.031981560000000006,0
-0.03196164,0
-0.03194172000000001,0
-0.0319218,0
-0.03190188,0
-0.03188196,0
-0.03186204,0
-0.03184212,0
-0.031822199999999995,0
-0.03180228,0
-0.031782359999999996,0
-0.03176244,0
-0.031742519999999996,0
-0.031722600000000004,0
-0.03170268,0
-0.031682760000000004,0
-0.03166284,0
-0.031642920000000005,0
-0.031623,0
-0.031603080000000006,0
-0.03158316,0
-0.031563240000000006,0
-0.03154332,0
-0.03152340000000001,0
-0.03150348,0
-0.03148356,0
-0.03146364,0
-0.03144372,0
-0.0314238,0
-0.031403879999999995,0
-0.03138396,0
-0.031364039999999996,0
-0.03134412,0
-0.031324199999999996,0
-0.031304280000000004,0
-0.03128436,0
-0.031264440000000004,0
-0.03124452,0
-0.0312246,0
-0.031204680000000002,0
-0.031184760000000002,0
-0.031164840000000003,0
-0.031144920000000003,0
-0.031125,0
-0.03110508,0
-0.03108516,0
-0.03106524,0
-0.03104532,0
-0.0310254,0
-0.03100548,0
-0.03098556,0
-0.03096564,0
-0.03094572,0
-0.0309258,0
-0.03090588,0
-0.03088596,0
-0.03086604,0
-0.03084612,0
-0.0308262,0
-0.030806280000000002,0
-0.030786360000000002,0
-0.030766440000000003,0
-0.030746520000000003,0
-0.030726600000000003,0
-0.03070668,0
-0.03068676,0
-0.03066684,0
-0.03064692,0
-0.030627,0
-0.030607080000000002,0
-0.03058716,0
-0.03056724,0
-0.03054732,0
-0.0305274,0
-0.03050748,0
-0.03048756,0
-0.03046764,0
-0.03044772,0
-0.0304278,0
-0.03040788,0
-0.030387960000000002,0
-0.030368040000000002,0
-0.030348120000000003,0
-0.030328200000000003,0
-0.03030828,0
-0.03028836,0
-0.03026844,0
-0.03024852,0
-0.0302286,0
-0.03020868,0
-0.03018876,0
-0.03016884,0
-0.03014892,0
-0.030129,0
-0.03010908,0
-0.03008916,0
-0.03006924,0
-0.03004932,0
-0.0300294,0
-0.03000948,0
-0.029989560000000002,0
-0.029969640000000002,0
-0.029949720000000003,0
-0.029929800000000003,0
-0.029909880000000003,0
-0.02988996,0
-0.02987004,0
-0.02985012,0
-0.0298302,0
-0.02981028,0
-0.029790360000000002,0
-0.02977044,0
-0.02975052,0
-0.0297306,0
-0.02971068,0
-0.02969076,0
-0.02967084,0
-0.02965092,0
-0.029631,0
-0.02961108,0
-0.029591160000000002,0
-0.029571240000000002,0
-0.029551320000000002,0
-0.029531400000000003,0
-0.029511480000000003,0
-0.02949156,0
-0.02947164,0
-0.02945172,0
-0.0294318,0
-0.02941188,0
-0.02939196,0
-0.02937204,0
-0.02935212,0
-0.0293322,0
-0.02931228,0
-0.02929236,0
-0.02927244,0
-0.02925252,0
-0.0292326,0
-0.02921268,0
-0.02919276,0
-0.029172840000000002,0
-0.029152920000000002,0
-0.029133000000000003,0
-0.029113080000000003,0
-0.029093160000000003,0
-0.02907324,0
-0.02905332,0
-0.0290334,0
-0.02901348,0
-0.02899356,0
-0.028973640000000002,0
-0.02895372,0
-0.0289338,0
-0.02891388,0
-0.02889396,0
-0.02887404,0
-0.02885412,0
-0.0288342,0
-0.02881428,0
-0.02879436,0
-0.028774440000000002,0
-0.028754520000000002,0
-0.028734600000000003,0
-0.028714680000000003,0
-0.028694760000000003,0
-0.02867484,0
-0.02865492,0
-0.028635,0
-0.02861508,0
-0.02859516,0
-0.028575240000000002,0
-0.02855532,0
-0.0285354,0
-0.02851548,0
-0.02849556,0
-0.02847564,0
-0.02845572,0
-0.0284358,0
-0.02841588,0
-0.02839596,0
-0.02837604,0
-0.028356120000000002,0
-0.028336200000000002,0
-0.028316280000000003,0
-0.028296360000000003,0
-0.028276440000000003,0
-0.02825652,0
-0.0282366,0
-0.02821668,0
-0.02819676,0
-0.02817684,0
-0.028156920000000002,0
-0.028137,0
-0.02811708,0
-0.02809716,0
-0.02807724,0
-0.02805732,0
-0.0280374,0
-0.02801748,0
-0.02799756,0
-0.02797764,0
-0.027957720000000002,0
-0.027937800000000002,0
-0.027917880000000003,0
-0.027897960000000003,0
-0.027878040000000003,0
-0.02785812,0
-0.0278382,0
-0.02781828,0
-0.02779836,0
-0.02777844,0
-0.027758520000000002,0
-0.0277386,0
-0.02771868,0
-0.02769876,0
-0.02767884,0
-0.02765892,0
-0.027639,0
-0.02761908,0
-0.02759916,0
-0.02757924,0
-0.02755932,0
-0.027539400000000002,0
-0.027519480000000002,0
-0.027499560000000003,0
-0.027479640000000003,0
-0.027459720000000003,0
-0.0274398,0
-0.02741988,0
-0.02739996,0
-0.02738004,0
-0.02736012,0
-0.027340200000000002,0
-0.02732028,0
-0.02730036,0
-0.02728044,0
-0.02726052,0
-0.0272406,0
-0.02722068,0
-0.02720076,0
-0.02718084,0
-0.02716092,0
-0.027141000000000002,0
-0.027121080000000002,0
-0.027101160000000003,0
-0.027081240000000003,0
-0.027061320000000003,0
-0.0270414,0
-0.02702148,0
-0.02700156,0
-0.02698164,0
-0.02696172,0
-0.026941800000000002,0
-0.02692188,0
-0.02690196,0
-0.02688204,0
-0.02686212,0
-0.0268422,0
-0.02682228,0
-0.02680236,0
-0.02678244,0
-0.02676252,0
-0.026742600000000002,0
-0.026722680000000002,0
-0.026702760000000002,0
-0.026682840000000003,0
-0.026662920000000003,0
-0.026643000000000003,0
-0.02662308,0
-0.02660316,0
-0.02658324,0
-0.02656332,0
-0.0265434,0
-0.026523480000000002,0
-0.02650356,0
-0.02648364,0
-0.02646372,0
-0.0264438,0
-0.02642388,0
-0.02640396,0
-0.02638404,0
-0.02636412,0
-0.0263442,0
-0.026324280000000002,0
-0.026304360000000002,0
-0.026284440000000003,0
-0.026264520000000003,0
-0.026244600000000003,0
-0.02622468,0
-0.02620476,0
-0.02618484,0
-0.02616492,0
-0.026145,0
-0.026125080000000002,0
-0.02610516,0
-0.02608524,0
-0.02606532,0
-0.0260454,0
-0.02602548,0
-0.02600556,0
-0.02598564,0
-0.02596572,0
-0.0259458,0
-0.025925880000000002,0
-0.025905960000000002,0
-0.025886040000000003,0
-0.025866120000000003,0
-0.025846200000000003,0
-0.02582628,0
-0.02580636,0
-0.02578644,0
-0.02576652,0
-0.0257466,0
-0.025726680000000002,0
-0.025706760000000002,0
-0.02568684,0
-0.02566692,0
-0.025647,0
-0.02562708,0
-0.02560716,0
-0.02558724,0
-0.02556732,0
-0.0255474,0
-0.02552748,0
-0.025507560000000002,0
-0.025487640000000002,0
-0.025467720000000003,0
-0.025447800000000003,0
-0.025427880000000003,0
-0.02540796,0
-0.02538804,0
-0.02536812,0
-0.0253482,0
-0.02532828,0
-0.025308360000000002,0
-0.02528844,0
-0.02526852,0
-0.0252486,0
-0.02522868,0
-0.02520876,0
-0.02518884,0
-0.02516892,0
-0.025149,0
-0.02512908,0
-0.025109160000000002,0
-0.025089240000000002,0
-0.025069320000000003,0
-0.025049400000000003,0
-0.025029480000000003,0
-0.02500956,0
-0.02498964,0
-0.02496972,0
-0.0249498,0
-0.02492988,0
-0.024909960000000002,0
-0.024890040000000002,0
-0.02487012,0
-0.0248502,0
-0.02483028,0
-0.02481036,0
-0.02479044,0
-0.02477052,0
-0.0247506,0
-0.02473068,0
-0.024710760000000002,0
-0.024690840000000002,0
-0.024670920000000002,0
-0.024651000000000003,0
-0.024631080000000003,0
-0.024611160000000003,0
-0.02459124,0
-0.02457132,0
-0.0245514,0
-0.02453148,0
-0.02451156,0
-0.024491640000000002,0
-0.02447172,0
-0.0244518,0
-0.02443188,0
-0.02441196,0
-0.02439204,0
-0.02437212,0
-0.0243522,0
-0.02433228,0
-0.02431236,0
-0.024292440000000002,0
-0.024272520000000002,0
-0.024252600000000003,0
-0.024232680000000003,0
-0.02421276,0
-0.02419284,0
-0.02417292,0
-0.024153,0
-0.02413308,0
-0.02411316,0
-0.024093240000000002,0
-0.024073320000000002,0
-0.024053400000000003,0
-0.024033480000000003,0
-0.02401356,0
-0.02399364,0
-0.02397372,0
-0.0239538,0
-0.02393388,0
-0.02391396,0
-0.023894040000000002,0
-0.023874120000000002,0
-0.023854200000000002,0
-0.02383428,0
-0.02381436,0
-0.02379444,0
-0.02377452,0
-0.0237546,0
-0.02373468,0
-0.02371476,0
-0.02369484,0
-0.023674920000000002,0
-0.023655000000000002,0
-0.023635080000000003,0
-0.023615160000000003,0
-0.02359524,0
-0.02357532,0
-0.0235554,0
-0.02353548,0
-0.02351556,0
-0.02349564,0
-0.023475720000000002,0
-0.023455800000000002,0
-0.023435880000000003,0
-0.02341596,0
-0.02339604,0
-0.02337612,0
-0.0233562,0
-0.02333628,0
-0.02331636,0
-0.02329644,0
-0.023276520000000002,0
-0.023256600000000002,0
-0.023236680000000003,0
-0.023216760000000003,0
-0.02319684,0
-0.02317692,0
-0.023157,0
-0.02313708,0
-0.02311716,0
-0.02309724,0
-0.023077320000000002,0
-0.023057400000000002,0
-0.023037480000000003,0
-0.02301756,0
-0.02299764,0
-0.02297772,0
-0.0229578,0
-0.02293788,0
-0.02291796,0
-0.02289804,0
-0.022878120000000002,0
-0.022858200000000002,0
-0.022838280000000002,0
-0.022818360000000003,0
-0.022798440000000003,0
-0.02277852,0
-0.0227586,0
-0.02273868,0
-0.02271876,0
-0.02269884,0
-0.02267892,0
-0.022659000000000002,0
-0.022639080000000002,0
-0.022619160000000003,0
-0.02259924,0
-0.02257932,0
-0.0225594,0
-0.02253948,0
-0.02251956,0
-0.02249964,0
-0.02247972,0
-0.022459800000000002,0
-0.022439880000000002,0
-0.022419960000000003,0
-0.022400040000000003,0
-0.02238012,0
-0.0223602,0
-0.02234028,0
-0.02232036,0
-0.02230044,0
-0.02228052,0
-0.022260600000000002,0
-0.022240680000000002,0
-0.022220760000000003,0
-0.02220084,0
-0.02218092,0
-0.022161,0
-0.02214108,0
-0.02212116,0
-0.02210124,0
-0.02208132,0
-0.022061400000000002,0
-0.022041480000000002,0
-0.022021560000000003,0
-0.022001640000000003,0
-0.02198172,0
-0.0219618,0
-0.02194188,0
-0.02192196,0
-0.02190204,0
-0.02188212,0
-0.021862200000000002,0
-0.021842280000000002,0
-0.021822360000000002,0
-0.021802440000000003,0
-0.02178252,0
-0.0217626,0
-0.02174268,0
-0.02172276,0
-0.02170284,0
-0.02168292,0
-0.021663,0
-0.021643080000000002,0
-0.021623160000000002,0
-0.021603240000000003,0
-0.021583320000000003,0
-0.0215634,0
-0.02154348,0
-0.02152356,0
-0.02150364,0
-0.02148372,0
-0.0214638,0
-0.021443880000000002,0
-0.021423960000000002,0
-0.021404040000000003,0
-0.02138412,0
-0.0213642,0
-0.02134428,0
-0.02132436,0
-0.02130444,0
-0.02128452,0
-0.0212646,0
-0.021244680000000002,0
-0.021224760000000002,0
-0.021204840000000003,0
-0.021184920000000003,0
-0.021165,0
-0.02114508,0
-0.02112516,0
-0.02110524,0
-0.02108532,0
-0.0210654,0
-0.021045480000000002,0
-0.021025560000000002,0
-0.021005640000000003,0
-0.020985720000000003,0
-0.0209658,0
-0.02094588,0
-0.02092596,0
-0.02090604,0
-0.02088612,0
-0.0208662,0
-0.020846280000000002,0
-0.020826360000000002,0
-0.020806440000000002,0
-0.020786520000000003,0
-0.020766600000000003,0
-0.02074668,0
-0.02072676,0
-0.02070684,0
-0.02068692,0
-0.020667,0
-0.02064708,0
-0.020627160000000002,0
-0.020607240000000002,0
-0.020587320000000003,0
-0.0205674,0
-0.02054748,0
-0.02052756,0
-0.02050764,0
-0.02048772,0
-0.0204678,0
-0.02044788,0
-0.020427960000000002,0
-0.020408040000000002,0
-0.020388120000000003,0
-0.020368200000000003,0
-0.02034828,0
-0.02032836,0
-0.02030844,0
-0.02028852,0
-0.0202686,0
-0.02024868,0
-0.020228760000000002,0
-0.020208840000000002,0
-0.020188920000000003,0
-0.020169000000000003,0
-0.02014908,0
-0.02012916,0
-0.02010924,0
-0.02008932,0
-0.0200694,0
-0.02004948,0
-0.020029560000000002,0
-0.020009640000000002,0
-0.019989720000000002,0
-0.019969800000000003,0
-0.019949880000000003,0
-0.01992996,0
-0.01991004,0
-0.01989012,0
-0.0198702,0
-0.01985028,0
-0.019830360000000002,0
-0.019810440000000002,0
-0.019790520000000002,0
-0.019770600000000003,0
-0.01975068,0
-0.01973076,0
-0.01971084,0
-0.01969092,0
-0.019671,0
-0.01965108,0
-0.01963116,0
-0.019611240000000002,0
-0.019591320000000002,0
-0.019571400000000003,0
-0.019551480000000003,0
-0.01953156,0
-0.01951164,0
-0.01949172,0
-0.0194718,0
-0.01945188,0
-0.01943196,0
-0.019412040000000002,0
-0.019392120000000002,0
-0.019372200000000003,0
-0.019352280000000003,0
-0.01933236,0
-0.01931244,0
-0.01929252,0
-0.0192726,0
-0.01925268,0
-0.01923276,0
-0.019212840000000002,0
-0.019192920000000002,0
-0.019173000000000003,0
-0.019153080000000003,0
-0.019133160000000003,0
-0.01911324,0
-0.01909332,0
-0.0190734,0
-0.01905348,0
-0.01903356,0
-0.019013640000000002,0
-0.018993720000000002,0
-0.018973800000000002,0
-0.018953880000000003,0
-0.01893396,0
-0.01891404,0
-0.01889412,0
-0.0188742,0
-0.01885428,0
-0.01883436,0
-0.01881444,0
-0.018794520000000002,0
-0.018774600000000002,0
-0.018754680000000003,0
-0.018734760000000003,0
-0.01871484,0
-0.01869492,0
-0.018675,0
-0.01865508,0
-0.01863516,0
-0.01861524,0
-0.018595320000000002,0
-0.018575400000000002,0
-0.018555480000000003,0
-0.018535560000000003,0
-0.01851564,0
-0.01849572,0
-0.0184758,0
-0.01845588,0
-0.01843596,0
-0.01841604,0
-0.018396120000000002,0
-0.018376200000000002,0
-0.018356280000000003,0
-0.018336360000000003,0
-0.018316440000000003,0
-0.01829652,0
-0.0182766,0
-0.01825668,0
-0.01823676,0
-0.01821684,0
-0.018196920000000002,0
-0.018177000000000002,0
-0.018157080000000003,0
-0.018137160000000003,0
-0.01811724,0
-0.01809732,0
-0.0180774,0
-0.01805748,0
-0.01803756,0
-0.01801764,0
-0.017997720000000002,0
-0.017977800000000002,0
-0.017957880000000002,0
-0.017937960000000003,0
-0.017918040000000003,0
-0.01789812,0
-0.0178782,0
-0.01785828,0
-0.01783836,0
-0.01781844,0
-0.01779852,0
-0.017778600000000002,0
-0.017758680000000002,0
-0.017738760000000003,0
-0.017718840000000003,0
-0.01769892,0
-0.017679,0
-0.01765908,0
-0.01763916,0
-0.01761924,0
-0.01759932,0
-0.017579400000000002,0
-0.017559480000000002,0
-0.017539560000000003,0
-0.017519640000000003,0
-0.017499720000000003,0
-0.0174798,0
-0.01745988,0
-0.01743996,0
-0.01742004,0
-0.01740012,0
-0.017380200000000002,0
-0.017360280000000002,0
-0.017340360000000003,0
-0.017320440000000003,0
-0.01730052,0
-0.0172806,0
-0.01726068,0
-0.01724076,0
-0.01722084,0
-0.01720092,0
-0.017181000000000002,0
-0.017161080000000002,0
-0.017141160000000003,0
-0.017121240000000003,0
-0.017101320000000003,0
-0.0170814,0
-0.01706148,0
-0.01704156,0
-0.01702164,0
-0.01700172,0
-0.016981800000000002,0
-0.016961880000000002,0
-0.016941960000000002,0
-0.016922040000000003,0
-0.016902120000000003,0
-0.0168822,0
-0.01686228,0
-0.01684236,0
-0.01682244,0
-0.01680252,0
-0.0167826,0
-0.016762680000000002,0
-0.016742760000000002,0
-0.016722840000000003,0
-0.016702920000000003,0
-0.016683000000000003,0
-0.01666308,0
-0.01664316,0
-0.01662324,0
-0.01660332,0
-0.0165834,0
-0.016563480000000002,0
-0.016543560000000002,0
-0.016523640000000003,0
-0.016503720000000003,0
-0.0164838,0
-0.01646388,0
-0.01644396,0
-0.01642404,0
-0.01640412,0
-0.0163842,0
-0.016364280000000002,0
-0.016344360000000002,0
-0.016324440000000003,0
-0.016304520000000003,0
-0.016284600000000003,0
-0.01626468,0
-0.01624476,0
-0.01622484,0
-0.01620492,0
-0.016185,0
-0.016165080000000002,0
-0.016145160000000002,0
-0.016125240000000002,0
-0.016105320000000003,0
-0.0160854,0
-0.01606548,0
-0.01604556,0
-0.01602564,0
-0.01600572,0
-0.0159858,0
-0.015965880000000002,0
-0.015945960000000002,0
-0.015926040000000002,0
-0.015906120000000003,0
-0.015886200000000003,0
-0.015866280000000003,0
-0.01584636,0
-0.01582644,0
-0.01580652,0
-0.0157866,0
-0.01576668,0
-0.015746760000000002,0
-0.015726840000000002,0
-0.015706920000000003,0
-0.015687000000000003,0
-0.01566708,0
-0.01564716,0
-0.01562724,0
-0.015607320000000001,0
-0.015587400000000001,0
-0.015567480000000002,0
-0.015547560000000002,0
-0.015527640000000002,0
-0.015507720000000003,0
-0.015487800000000003,0
-0.015467880000000002,0
-0.01544796,0
-0.01542804,0
-0.01540812,0
-0.015388200000000001,0
-0.015368280000000002,0
-0.015348360000000002,0
-0.015328440000000002,0
-0.015308520000000003,0
-0.015288600000000003,0
-0.015268680000000001,3
-0.01524876,0
-0.01522884,0
-0.01520892,0
-0.015189000000000001,0
-0.015169080000000001,0
-0.015149160000000002,0
-0.015129240000000002,12
-0.015109320000000002,0
-0.015089400000000003,0
-0.015069480000000003,3
-0.015049560000000002,10
-0.01502964,2
-0.01500972,4
-0.014989800000000001,0
-0.014969880000000001,0
-0.014949960000000002,1
-0.014930040000000002,6
-0.014910120000000002,0
-0.014890200000000003,20
-0.014870280000000003,28
-0.014850360000000002,0
-0.01483044,0
-0.01481052,9
-0.014790600000000001,10
-0.014770680000000001,1
-0.014750760000000002,33
-0.014730840000000002,6
-0.014710920000000002,0
-0.014691000000000003,0
-0.014671080000000003,10
-0.014651160000000002,13
-0.01463124,2
-0.01461132,13
-0.014591400000000001,0
-0.014571480000000001,13
-0.014551560000000002,8
-0.014531640000000002,0
-0.014511720000000002,8
-0.014491800000000003,7
-0.014471880000000003,8
-0.014451960000000002,3
-0.01443204,5
-0.01441212,17
-0.0143922,28
-0.014372280000000001,13
-0.014352360000000002,18
-0.014332440000000002,19
-0.014312520000000002,17
-0.014292600000000003,32
-0.014272680000000003,6
-0.014252760000000003,17
-0.014232840000000002,30
-0.01421292,28
-0.014193,13
-0.014173080000000001,39
-0.014153160000000001,21
-0.014133240000000002,3
-0.014113320000000002,8
-0.014093400000000002,29
-0.014073480000000003,4
-0.014053560000000003,11
-0.014033640000000002,21
-0.01401372,3
-0.0139938,6
-0.013973880000000001,14
-0.013953960000000001,3
-0.013934040000000002,27
-0.013914120000000002,19
-0.013894200000000002,7
-0.013874280000000003,21
-0.013854360000000003,16
-0.013834440000000002,0
-0.01381452,20
-0.0137946,6
-0.013774680000000001,3
-0.013754760000000001,22
-0.013734840000000002,11
-0.013714920000000002,12
-0.013695000000000002,6
-0.013675080000000003,21
-0.013655160000000003,9
-0.013635240000000002,22
-0.01361532,20
-0.0135954,23
-0.013575480000000001,22
-0.013555560000000001,8
-0.013535640000000002,4
-0.013515720000000002,28
-0.013495800000000002,17
-0.013475880000000003,41
-0.013455960000000003,24
-0.013436040000000003,9
-0.013416120000000002,11
-0.0133962,4
-0.01337628,26
-0.013356360000000001,16
-0.013336440000000001,26
-0.013316520000000002,23
-0.013296600000000002,18
-0.013276680000000003,8
-0.013256760000000003,7
-0.013236840000000003,26
-0.013216920000000002,15
-0.013197,3
-0.01317708,0
-0.013157160000000001,7
-0.013137240000000001,5
-0.013117320000000002,0
-0.013097400000000002,3
-0.013077480000000002,12
-0.013057560000000003,19
-0.013037640000000003,20
-0.013017720000000002,16
-0.0129978,13
-0.01297788,34
-0.012957960000000001,6
-0.012938040000000001,15
-0.012918120000000002,19
-0.012898200000000002,10
-0.012878280000000002,13
-0.012858360000000003,7
-0.012838440000000003,11
-0.012818520000000002,10
-0.0127986,9
-0.01277868,26
-0.012758760000000001,18
-0.012738840000000001,21
-0.012718920000000002,12
-0.012699000000000002,6
-0.012679080000000002,43
-0.012659160000000003,12
-0.012639240000000003,14
-0.012619320000000003,22
-0.012599400000000002,20
-0.01257948,7
-0.01255956,0
-0.012539640000000001,7
-0.012519720000000002,7
-0.012499800000000002,12
-0.012479880000000002,11
-0.012459960000000003,5
-0.012440040000000003,4
-0.012420120000000003,6
-0.012400200000000002,17
-0.01238028,24
-0.01236036,18
-0.012340440000000001,7
-0.012320520000000001,20
-0.012300600000000002,36
-0.012280680000000002,15
-0.012260760000000002,17
-0.012240840000000003,18
-0.012220920000000003,36
-0.012201000000000002,23
-0.01218108,23
-0.01216116,5
-0.012141240000000001,4
-0.012121320000000001,19
-0.012101400000000002,48
-0.012081480000000002,33
-0.012061560000000002,25
-0.012041640000000003,54
-0.012021720000000003,23
-0.012001800000000002,48
-0.01198188,11
-0.01196196,30
-0.011942040000000001,31
-0.011922120000000001,43
-0.011902200000000002,25
-0.011882280000000002,80
-0.011862360000000002,46
-0.011842440000000003,67
-0.011822520000000003,68
-0.011802600000000002,70
-0.01178268,29
-0.01176276,92
-0.011742840000000001,135
-0.011722920000000001,95
-0.011703000000000002,65
-0.011683080000000002,50
-0.011663160000000002,100
-0.011643240000000003,74
-0.011623320000000003,71
-0.011603400000000003,113
-0.011583480000000002,122
-0.01156356,119
-0.01154364,103
-0.011523720000000001,88
-0.011503800000000002,131
-0.011483880000000002,132
-0.011463960000000002,121
-0.011444040000000003,141
-0.011424120000000003,133
-0.011404200000000003,111
-0.011384280000000002,119
-0.01136436,122
-0.01134444,110
-0.011324520000000001,92
-0.011304600000000001,220
-0.011284680000000002,108
-0.011264760000000002,168
-0.011244840000000002,139
-0.011224920000000003,133
-0.011205000000000003,181
-0.011185080000000002,173
-0.01116516,183
-0.01114524,146
-0.011125320000000001,216
-0.011105400000000001,197
-0.011085480000000002,140
-0.011065560000000002,254
-0.011045640000000002,275
-0.011025720000000003,222
-0.011005800000000003,251
-0.010985880000000002,262
-0.01096596,275
-0.01094604,260
-0.010926120000000001,280
-0.010906200000000001,265
-0.010886280000000002,276
-0.010866360000000002,291
-0.010846440000000002,244
-0.010826520000000003,327
-0.010806600000000003,430
-0.010786680000000003,363
-0.010766760000000002,324
-0.01074684,411
-0.010726920000000001,485
-0.010707000000000001,433
-0.010687080000000002,450
-0.010667160000000002,349
-0.010647240000000002,472
-0.010627320000000003,483
-0.010607400000000003,673
-0.010587480000000003,531
-0.010567560000000002,490
-0.01054764,617
-0.01052772,517
-0.010507800000000001,622
-0.010487880000000002,572
-0.010467960000000002,696
-0.010448040000000002,664
-0.010428120000000003,671
-0.010408200000000003,716
-0.010388280000000003,618
-0.010368360000000002,692
-0.01034844,677
-0.01032852,674
-0.010308600000000001,601
-0.010288680000000001,814
-0.010268760000000002,802
-0.010248840000000002,771
-0.010228920000000002,770
-0.010209000000000003,837
-0.010189080000000003,1001
-0.010169160000000002,904
-0.01014924,1025
-0.01012932,822
-0.010109400000000001,1116
-0.010089480000000001,973
-0.010069560000000002,949
-0.010049640000000002,1064
-0.010029720000000002,998
-0.010009800000000003,955
-0.009989880000000003,1186
-0.009969960000000003,1191
-0.009950040000000002,1269
-0.00993012,1078
-0.009910200000000001,1371
-0.009890280000000001,1116
-0.009870360000000002,1167
-0.009850440000000002,1605
-0.009830520000000002,1384
-0.009810600000000003,1345
-0.009790680000000003,1503
-0.009770760000000003,1656
-0.009750840000000002,1560
-0.00973092,1762
-0.009711000000000001,1816
-0.009691080000000001,1653
-0.009671160000000002,1657
-0.009651240000000002,1744
-0.009631320000000002,1957
-0.009611400000000003,1888
-0.009591480000000003,1906
-0.009571560000000003,2027
-0.009551640000000002,2229
-0.00953172,2253
-0.0095118,2270
-0.009491880000000001,2178
-0.009471960000000001,2280
-0.009452040000000002,2433
-0.009432120000000002,2403
-0.009412200000000003,2883
-0.009392280000000003,2765
-0.009372360000000003,2665
-0.009352440000000002,2869
-0.00933252,2983
-0.0093126,2819
-0.009292680000000001,3047
-0.009272760000000001,3109
-0.009252840000000002,3467
-0.009232920000000002,3345
-0.009213000000000002,3589
-0.009193080000000003,3475
-0.009173160000000003,3574
-0.009153240000000003,3885
-0.009133320000000002,4110
-0.0091134,3891
-0.009093480000000001,3828
-0.009073560000000001,4245
-0.009053640000000002,4554
-0.009033720000000002,4502
-0.009013800000000002,4850
-0.008993880000000003,4560
-0.008973960000000003,4447
-0.008954040000000003,5037
-0.008934120000000002,5099
-0.0089142,4962
-0.008894280000000001,4824
-0.008874360000000001,5751
-0.008854440000000002,5146
-0.008834520000000002,5620
-0.008814600000000002,5896
-0.008794680000000003,5844
-0.008774760000000003,6173
-0.008754840000000003,6282
-0.008734920000000002,6397
-0.008715,6412
-0.00869508,7086
-0.008675160000000001,7381
-0.008655240000000002,6974
-0.008635320000000002,6975
-0.008615400000000002,7216
-0.00859548,7872
-0.00857556,7790
-0.00855564,8475
-0.00853572,8057
-0.0085158,8725
-0.00849588,8480
-0.008475960000000001,8735
-0.008456040000000001,8910
-0.008436120000000002,9205
-0.008416200000000002,9580
-0.008396280000000002,9909
-0.008376360000000003,9470
-0.008356440000000003,10452
-0.008336520000000004,9714
-0.008316600000000004,10407
-0.008296680000000004,10658
-0.008276760000000005,11180
-0.008256840000000005,11592
-0.008236920000000005,12146
-0.008217000000000002,12292
-0.008197079999999999,12259
-0.00817716,12305
-0.00815724,13007
-0.00813732,13145
-0.0081174,13512
-0.00809748,13445
-0.008077560000000001,13895
-0.008057640000000001,14359
-0.008037720000000002,14378
-0.008017800000000002,14829
-0.007997880000000002,15435
-0.007977960000000003,14928
-0.007958040000000003,15609
-0.007938120000000003,16126
-0.007918200000000004,16596
-0.007898280000000004,16961
-0.007878360000000004,16987
-0.007858440000000005,17842
-0.007838520000000005,17852
-0.007818600000000002,18398
-0.007798679999999999,19025
-0.007778759999999999,19545
-0.0077588399999999995,20255
-0.00773892,20428
-0.007719,20697
-0.0076990800000000005,21064
-0.007679160000000001,21599
-0.007659240000000001,22363
-0.0076393200000000015,22419
-0.007619400000000002,23360
-0.007599480000000002,23851
-0.0075795600000000025,24035
-0.007559640000000003,24107
-0.007539720000000003,25016
-0.0075198000000000036,25776
-0.007499880000000004,26374
-0.007479960000000004,26592
-0.007460040000000005,27171
-0.007440120000000005,28966
-0.007420200000000005,27952
-0.007400280000000002,29526
-0.007380359999999999,30222
-0.007360439999999999,30335
-0.00734052,30235
-0.0073206,31631
-0.00730068,32335
-0.007280760000000001,32994
-0.007260840000000001,33559
-0.007240920000000001,33485
-0.007221000000000002,34110
-0.007201080000000002,35771
-0.007181160000000002,35957
-0.007161240000000003,36992
-0.007141320000000003,37351
-0.007121400000000003,37951
-0.007101480000000004,38606
-0.007081560000000004,39798
-0.0070616400000000044,39806
-0.007041720000000005,41464
-0.007021800000000005,42122
-0.007001880000000002,41740
-0.006981959999999999,44047
-0.006962039999999999,44500
-0.0069421199999999995,45381
-0.0069222,45875
-0.00690228,46293
-0.0068823600000000006,46883
-0.006862440000000001,48742
-0.006842520000000001,49219
-0.006822600000000002,50380
-0.006802680000000002,51771
-0.006782760000000002,53870
-0.006762840000000003,53358
-0.006742920000000003,55834
-0.006723000000000003,56817
-0.006703080000000004,57866
-0.006683160000000004,58270
-0.006663240000000004,58311
-0.006643320000000005,60652
-0.006623400000000005,60051
-0.006603480000000005,63644
-0.006583560000000002,64500
-0.006563639999999999,65471
-0.006543719999999999,66800
-0.0065238,67927
-0.00650388,67880
-0.00648396,70335
-0.006464040000000001,70923
-0.006444120000000001,73222
-0.0064242000000000014,74103
-0.006404280000000002,76189
-0.006384360000000002,76626
-0.0063644400000000025,78397
-0.006344520000000003,79926
-0.006324600000000003,82814
-0.0063046800000000035,82045
-0.006284760000000004,84565
-0.006264840000000004,85555
-0.0062449200000000045,87196
-0.006225000000000005,87955
-0.006205080000000005,90431
-0.006185160000000002,92682
-0.006165239999999999,94616
-0.006145319999999999,94370
-0.0061254,98280
-0.00610548,98577
-0.00608556,100999
-0.006065640000000001,102972
-0.006045720000000001,104684
-0.006025800000000001,106544
-0.006005880000000002,108050
-0.005985960000000002,110340
-0.005966040000000002,113038
-0.005946120000000003,114299
-0.005926200000000003,115524
-0.005906280000000003,118869
-0.005886360000000004,119420
-0.005866440000000004,121894
-0.005846520000000004,124241
-0.005826600000000005,126417
-0.005806680000000005,129498
-0.005786760000000005,130986
-0.005766840000000002,133475
-0.005746919999999999,133988
-0.0057269999999999995,136795
-0.00570708,139885
-0.00568716,143254
-0.0056672400000000005,145060
-0.005647320000000001,146488
-0.005627400000000001,148249
-0.0056074800000000015,151628
-0.005587560000000002,152508
-0.005567640000000002,156298
-0.0055477200000000025,158927
-0.005527800000000003,161509
-0.005507880000000003,161945
-0.0054879600000000035,165398
-0.005468040000000004,168743
-0.005448120000000004,171649
-0.0054282000000000045,173960
-0.005408280000000005,177096
-0.005388360000000005,177948
-0.005368440000000002,181982
-0.005348519999999999,186924
-0.005328599999999999,188393
-0.00530868,192129
-0.00528876,195001
-0.00526884,196102
-0.005248920000000001,198441
-0.005229000000000001,202063
-0.005209080000000001,206177
-0.005189160000000002,209341
-0.005169240000000002,210021
-0.005149320000000002,214565
-0.005129400000000003,216613
-0.005109480000000003,222320
-0.005089560000000003,223498
-0.005069640000000004,229340
-0.005049720000000004,232367
-0.005029800000000004,236245
-0.005009880000000005,238195
-0.004989960000000005,243695
-0.004970040000000005,242800
-0.004950120000000002,247549
-0.004930199999999999,253564
-0.0049102799999999995,258015
-0.00489036,260365
-0.00487044,264668
-0.0048505200000000005,270146
-0.004830600000000001,273729
-0.004810680000000001,276312
-0.0047907600000000015,280200
-0.004770840000000002,283553
-0.004750920000000002,288470
-0.0047310000000000026,293132
-0.004711080000000003,296717
-0.004691160000000003,301755
-0.004671240000000004,304318
-0.004651320000000004,310509
-0.004631400000000004,315064
-0.004611480000000005,317403
-0.004591560000000005,321361
-0.004571640000000005,329092
-0.004551720000000002,327260
-0.004531799999999999,337104
-0.004511879999999999,341613
-0.00449196,350235
-0.00447204,350954
-0.00445212,357604
-0.004432200000000001,360382
-0.004412280000000001,366315
-0.004392360000000001,369888
-0.004372440000000002,378182
-0.004352520000000002,381019
-0.004332600000000002,387380
-0.004312680000000003,394051
-0.004292760000000003,396122
-0.0042728400000000034,404811
-0.004252920000000004,405278
-0.004233000000000004,411189
-0.0042130800000000045,419290
-0.004193160000000005,422592
-0.004173240000000005,429489
-0.004153320000000002,437117
-0.004133399999999999,441350
-0.004113479999999999,446005
-0.0040935599999999996,453700
-0.00407364,459567
-0.00405372,467744
-0.004033800000000001,470115
-0.004013880000000001,477353
-0.003993960000000001,482528
-0.003974040000000002,489095
-0.003954120000000002,496547
-0.003934200000000002,503213
-0.003914280000000003,507453
-0.003894360000000003,511343
-0.0038744400000000033,523138
-0.0038545200000000036,528378
-0.003834600000000004,532614
-0.0038146800000000043,541445
-0.0037947600000000047,547641
-0.003774840000000005,555578
-0.0037549200000000053,564483
-0.003735000000000002,565177
-0.003715079999999999,581184
-0.0036951599999999994,581748
-0.0036752399999999998,587671
-0.00365532,595709
-0.0036354000000000004,608771
-0.0036154800000000008,610735
-0.003595560000000001,618832
-0.0035756400000000015,624560
-0.003555720000000002,630890
-0.003535800000000002,638536
-0.0035158800000000025,643703
-0.003495960000000003,653122
-0.003476040000000003,662001
-0.0034561200000000035,665572
-0.003436200000000004,677750
-0.003416280000000004,684788
-0.0033963600000000045,694626
-0.003376440000000005,698829
-0.003356520000000005,708189
-0.003336600000000002,715345
-0.003316679999999999,720706
-0.0032967599999999993,730489
-0.0032768399999999996,741066
-0.00325692,747413
-0.0032370000000000003,756161
-0.0032170800000000006,760996
-0.003197160000000001,775296
-0.0031772400000000013,782761
-0.0031573200000000017,790023
-0.003137400000000002,797959
-0.0031174800000000023,804336
-0.0030975600000000027,817677
-0.003077640000000003,827835
-0.0030577200000000034,830644
-0.0030378000000000037,841778
-0.003017880000000004,847688
-0.0029979600000000044,858538
-0.0029780400000000047,868468
-0.002958120000000005,874004
-0.0029382000000000054,881972
-0.0029182800000000023,896616
-0.002898359999999999,907303
-0.0028784399999999995,914768
-0.00285852,918205
-0.0028386,933688
-0.0028186800000000005,945180
-0.002798760000000001,952203
-0.002778840000000001,959732
-0.0027589200000000015,972516
-0.002739000000000002,978024
-0.002719080000000002,986308
-0.0026991600000000025,995843
-0.002679240000000003,1010135
-0.002659320000000003,1012440
-0.0026394000000000035,1027228
-0.002619480000000004,1040109
-0.0025995600000000042,1045214
-0.0025796400000000046,1058580
-0.002559720000000005,1065775
-0.0025398000000000052,1083572
-0.002519880000000002,1082553
-0.002499959999999999,1092012
-0.0024800399999999993,1105477
-0.0024601199999999997,1116252
-0.0024402,1130343
-0.0024202800000000003,1134957
-0.0024003600000000007,1146238
-0.002380440000000001,1154269
-0.0023605200000000014,1169932
-0.0023406000000000017,1178306
-0.002320680000000002,1187788
-0.0023007600000000024,1197039
-0.0022808400000000027,1208224
-0.002260920000000003,1220593
-0.0022410000000000034,1229050
-0.0022210800000000037,1245117
-0.002201160000000004,1252764
-0.0021812400000000044,1267064
-0.0021613200000000048,1273711
-0.002141400000000005,1285257
-0.0021214800000000054,1292244
-0.0021015600000000023,1306062
-0.002081639999999999,1315685
-0.0020617199999999995,1320817
-0.0020418,1336283
-0.00202188,1349452
-0.0020019600000000005,1356793
-0.001982040000000001,1368838
-0.0019621200000000012,1382626
-0.0019422000000000016,1390885
-0.001922280000000002,1395410
-0.0019023600000000022,1406429
-0.0018824400000000026,1422338
-0.001862520000000003,1431415
-0.0018426000000000033,1443756
-0.0018226800000000036,1456376
-0.001802760000000004,1468367
-0.0017828400000000043,1479715
-0.0017629200000000046,1486282
-0.001743000000000005,1500138
-0.0017230800000000053,1510791
-0.0017031600000000022,1521283
-0.001683239999999999,1533566
-0.0016633199999999994,1539389
-0.0016433999999999997,1559942
-0.00162348,1561283
-0.0016035600000000004,1575641
-0.0015836400000000007,1593363
-0.001563720000000001,1598620
-0.0015438000000000014,1611467
-0.0015238800000000018,1613985
-0.001503960000000002,1637393
-0.0014840400000000024,1643107
-0.0014641200000000028,1649409
-0.0014442000000000031,1658191
-0.0014242800000000035,1669049
-0.0014043600000000038,1681223
-0.0013844400000000041,1692607
-0.0013645200000000045,1706485
-0.0013446000000000048,1712806
-0.0013246800000000052,1726195
-0.0013047600000000055,1732103
-0.0012848400000000024,1745193
-0.0012649199999999992,1758553
-0.0012449999999999996,1773032
-0.00122508,1780200
-0.0012051600000000003,1789299
-0.0011852400000000006,1801477
-0.001165320000000001,1807106
-0.0011454000000000013,1825016
-0.0011254800000000016,1830628
-0.001105560000000002,1843050
-0.0010856400000000023,1850469
-0.0010657200000000026,1869523
-0.001045800000000003,1879566
-0.0010258800000000033,1889092
-0.0010059600000000037,1898808
-0.000986040000000004,1905252
-0.0009661200000000043,1919546
-0.0009462000000000047,1929820
-0.000926280000000005,1934306
-0.0009063600000000054,1949968
-0.0008864400000000022,1963805
-0.0008665199999999991,1972295
-0.0008465999999999994,1985424
-0.0008266799999999998,1993492
-0.0008067600000000001,2009586
-0.0007868400000000005,2016980
-0.0007669200000000008,2024632
-0.0007470000000000011,2040756
-0.0007270800000000015,2046907
-0.0007071600000000018,2055868
-0.0006872400000000022,2066267
-0.0006673200000000025,2079643
-0.0006474000000000028,2091496
-0.0006274800000000032,2098228
-0.0006075600000000035,2115719
-0.0005876400000000039,2120277
-0.0005677200000000042,2128047
-0.0005478000000000045,2133891
-0.0005278800000000049,2147524
-0.0005079600000000052,2163449
-0.00048804000000000555,2162801
-0.0004681200000000024,2187786
-0.0004481999999999993,2197489
-0.00042827999999999963,2197805
-0.00040836,2214991
-0.0003884400000000003,2223801
-0.00036852000000000065,2225048
-0.000348600000000001,2233297
-0.00032868000000000133,2249277
-0.00030876000000000167,2264087
-0.000288840000000002,2274605
-0.00026892000000000235,2274682
-0.0002490000000000027,2283601
-0.00022908000000000303,2286506
-0.00020916000000000337,2303933
-0.0001892400000000037,2313229
-0.00016932000000000405,2321868
-0.0001494000000000044,2323378
-0.00012948000000000473,2337014
-0.00010956000000000507,2346320
-8.964000000000541e-05,2353409
-6.972000000000228e-05,2358231
-4.979999999999915e-05,2377258
-2.987999999999949e-05,2384079
-9.95999999999983e-06,2393053
9.95999999999983e-06,2393283
2.987999999999949e-05,2400695
4.979999999999915e-05,2409023
6.971999999999881e-05,2420176
8.963999999999847e-05,2428320
0.00010955999999999813,2440312
0.0001294799999999978,2449882
0.00014939999999999745,2451169
0.0001693199999999971,2471204
0.00018923999999999677,2463128
0.00020915999999999643,2483356
0.0002290799999999961,2479107
0.00024899999999999575,2484961
0.0002689199999999954,2491810
0.0002888399999999951,2506517
0.00030875999999999473,2517746
0.0003286799999999944,2513553
0.0003485999999999975,2531694
0.00036852000000000065,2519944
0.0003884400000000003,2535630
0.00040836,2542412
0.00042827999999999963,2550785
0.0004481999999999993,2556193
0.00046811999999999895,2560835
0.0004880399999999986,2565227
0.0005079599999999983,2564008
0.0005278799999999979,2577373
0.0005477999999999976,2574160
0.0005677199999999973,2577347
0.0005876399999999969,2577303
0.0006075599999999966,2587542
0.0006274799999999962,2600903
0.0006473999999999959,2605145
0.0006673199999999956,2602562
0.0006872399999999952,2611512
0.0007071599999999949,2622316
0.0007270799999999945,2619136
0.0007469999999999977,2631151
0.0007669200000000008,2631434
0.0007868400000000005,2640616
0.0008067600000000001,2641498
0.0008266799999999998,2649397
0.0008465999999999994,2641773
0.0008665199999999991,2655067
0.0008864399999999988,2653525
0.0009063599999999984,2663194
0.0009262799999999981,2663043
0.0009461999999999977,2665335
0.0009661199999999974,2668477
0.000986039999999997,2674120
0.0010059599999999967,2665075
0.0010258799999999964,2682342
0.001045799999999996,2682437
0.0010657199999999957,2679913
0.0010856399999999954,2681037
0.001105559999999995,2687325
0.0011254799999999947,2688106
0.0011453999999999943,2694981
0.0011653199999999975,2684204
0.0011852400000000006,2689668
0.0012051600000000003,2697310
0.00122508,2694793
0.0012449999999999996,2691489
0.0012649199999999992,2697436
0.001284839999999999,2700484
0.0013047599999999986,2698970
0.0013246799999999982,2698230
0.0013445999999999979,2697552
0.0013645199999999975,2705883
0.0013844399999999972,2704996
0.0014043599999999969,2704156
0.0014242799999999965,2707829
0.0014441999999999962,2705332
0.0014641199999999958,2704079
0.0014840399999999955,2704748
0.0015039599999999952,2708408
0.0015238799999999948,2699744
0.0015437999999999945,2703238
0.0015637199999999976,2698948
0.0015836400000000007,2708235
0.0016035600000000004,2689993
0.00162348,2697475
0.0016433999999999997,2692142
0.0016633199999999994,2691809
0.001683239999999999,2690278
0.0017031599999999987,2689443
0.0017230799999999984,2692573
0.001742999999999998,2687991
0.0017629199999999977,2688732
0.0017828399999999973,2684382
0.001802759999999997,2689025
0.0018226799999999967,2688319
0.0018425999999999963,2678601
0.001862519999999996,2673455
0.0018824399999999956,2668823
0.0019023599999999953,2671946
0.001922279999999995,2670198
0.0019421999999999946,2662213
0.0019621199999999943,2659482
0.0019820399999999974,2661981
0.0020019600000000005,2647294
0.00202188,2649372
0.0020418,2645786
0.0020617199999999995,2636690
0.002081639999999999,2646849
0.002101559999999999,2638761
0.0021214799999999985,2635496
0.002141399999999998,2621314
0.002161319999999998,2621516
0.0021812399999999975,2620328
0.002201159999999997,2617326
0.002221079999999997,2617189
0.0022409999999999965,2607441
0.002260919999999996,2599008
0.002280839999999996,2595866
0.0023007599999999954,2591674
0.002320679999999995,2582028
0.0023405999999999948,2581274
0.0023605199999999944,2570584
0.0023804399999999976,2560279
0.0024003600000000007,2563511
0.0024202800000000003,2564259
0.0024402,2556038
0.0024601199999999997,2548472
0.0024800399999999993,2542700
0.002499959999999999,2537116
0.0025198799999999986,2528971
0.0025397999999999983,2527517
0.002559719999999998,2511475
0.0025796399999999976,2503450
0.0025995599999999973,2512626
0.002619479999999997,2501578
0.0026393999999999966,2490806
0.0026593199999999963,2487257
0.002679239999999996,2478944
0.0026991599999999956,2469074
0.0027190799999999953,2462465
0.002738999999999995,2454239
0.0027589199999999946,2446818
0.0027788399999999942,2435353
0.0027987599999999974,2435854
0.0028186800000000005,2429939
0.0028386,2413430
0.00285852,2414064
0.0028784399999999995,2414022
0.002898359999999999,2406049
0.002918279999999999,2398368
0.0029381999999999985,2383811
0.002958119999999998,2380246
0.0029780399999999978,2372655
0.0029979599999999974,2353072
0.003017879999999997,2351269
0.0030377999999999968,2345583
0.0030577199999999964,2330058
0.003077639999999996,2327342
0.0030975599999999957,2309558
0.0031174799999999954,2309607
0.003137399999999995,2306245
0.0031573199999999947,2287425
0.0031772399999999944,2278508
0.0031971599999999975,2269470
0.0032170800000000006,2265347
0.0032370000000000003,2249743
0.00325692,2239074
0.0032768399999999996,2222780
0.0032967599999999993,2220472
0.003316679999999999,2213748
0.0033365999999999986,2208396
0.0033565199999999983,2191820
0.003376439999999998,2183144
0.0033963599999999976,2177447
0.0034162799999999972,2174060
0.003436199999999997,2156541
0.0034561199999999966,2144057
0.003476039999999996,2133743
0.003495959999999996,2126757
0.0035158799999999955,2123874
0.003535799999999995,2108112
0.003555719999999995,2101117
0.0035756399999999945,2085112
0.003595559999999994,2075555
0.0036154799999999973,2070612
0.0036354000000000004,2061324
0.00365532,2041891
0.0036752399999999998,2034542
0.0036951599999999994,2025979
0.003715079999999999,2020979
0.0037349999999999987,2003509
0.0037549199999999984,1993523
0.003774839999999998,1985324
0.0037947599999999977,1970036
0.0038146799999999974,1964889
0.003834599999999997,1955193
0.0038545199999999967,1941968
0.0038744399999999964,1927514
0.003894359999999996,1926400
0.003914279999999996,1909831
0.003934199999999995,1905260
0.003954119999999995,1894245
0.003974039999999995,1882953
0.003993959999999994,1872698
0.0040138799999999974,1859512
0.004033800000000001,1846216
0.00405372,1830311
0.00407364,1824672
0.0040935599999999996,1812418
0.004113479999999999,1808082
0.004133399999999999,1791796
0.0041533199999999985,1780067
0.004173239999999998,1767796
0.004193159999999998,1754534
0.0042130799999999975,1743588
0.004232999999999997,1739200
0.004252919999999997,1716321
0.0042728399999999965,1711819
0.004292759999999996,1699268
0.004312679999999996,1689857
0.0043325999999999955,1677550
0.004352519999999995,1670951
0.004372439999999995,1661646
0.0043923599999999945,1646935
0.004412279999999994,1636982
0.004432199999999997,1629257
0.00445212,1611727
0.00447204,1600307
0.00449196,1587108
0.004511879999999999,1582660
0.004531799999999999,1570842
0.004551719999999999,1551417
0.004571639999999998,1553643
0.004591559999999998,1538970
0.004611479999999998,1520977
0.004631399999999997,1514417
0.004651319999999997,1500817
0.004671239999999997,1493441
0.004691159999999996,1476675
0.004711079999999996,1469135
0.004730999999999996,1455554
0.004750919999999995,1448125
0.004770839999999995,1432115
0.004790759999999995,1421700
0.004810679999999994,1414482
0.004830599999999997,1403879
0.0048505200000000005,1391103
0.00487044,1382737
0.00489036,1369333
0.0049102799999999995,1355790
0.004930199999999999,1347644
0.004950119999999999,1333553
0.0049700399999999985,1323617
0.004989959999999998,1312643
0.005009879999999998,1303406
0.0050297999999999975,1295460
0.005049719999999997,1283208
0.005069639999999997,1267850
0.0050895599999999964,1262589
0.005109479999999996,1247346
0.005129399999999996,1235409
0.005149319999999995,1221414
0.005169239999999995,1218644
0.005189159999999995,1203963
0.005209079999999994,1199711
0.005228999999999994,1185033
0.005248919999999997,1176902
0.00526884,1165647
0.00528876,1152311
0.00530868,1148113
0.005328599999999999,1135192
0.005348519999999999,1122360
0.005368439999999999,1111714
0.005388359999999998,1104948
0.005408279999999998,1096611
0.005428199999999998,1079237
0.005448119999999997,1070567
0.005468039999999997,1060681
0.005487959999999997,1054962
0.005507879999999996,1043302
0.005527799999999996,1032003
0.005547719999999996,1025439
0.005567639999999995,1016403
0.005587559999999995,999536
0.0056074799999999946,995800
0.005627399999999994,988455
0.005647319999999997,974856
0.0056672400000000005,963113
0.00568716,960070
0.00570708,951336
0.0057269999999999995,936507
0.005746919999999999,927840
0.005766839999999999,920470
0.005786759999999998,908170
0.005806679999999998,899978
0.005826599999999998,894998
0.005846519999999997,888616
0.005866439999999997,871822
0.005886359999999997,860830
0.005906279999999996,851285
0.005926199999999996,850517
0.005946119999999996,835945
0.005966039999999995,832062
0.005985959999999995,823970
0.006005879999999995,816355
0.006025799999999994,805155
0.006045719999999994,800765
0.006065639999999997,787362
0.00608556,779349
0.00610548,769867
0.0061254,763145
0.006145319999999999,753777
0.006165239999999999,747317
0.006185159999999999,736359
0.006205079999999998,733839
0.006224999999999998,720646
0.0062449199999999976,711946
0.006264839999999997,703753
0.006284759999999997,698164
0.0063046799999999965,695985
0.006324599999999996,679699
0.006344519999999996,677685
0.0063644399999999955,666287
0.006384359999999995,659015
0.006404279999999995,652763
0.0064241999999999945,645994
0.006444119999999994,635040
0.006464039999999997,633851
0.00648396,621834
0.00650388,617881
0.0065238,608738
0.006543719999999999,605094
0.006563639999999999,592167
0.006583559999999999,589470
0.006603479999999998,586184
0.006623399999999998,578996
0.006643319999999998,568245
0.006663239999999997,561339
0.006683159999999997,556208
0.006703079999999997,548314
0.006722999999999996,537618
0.006742919999999996,535731
0.006762839999999996,532173
0.006782759999999995,521262
0.006802679999999995,515999
0.006822599999999995,511408
0.006842519999999994,500784
0.006862439999999997,496858
0.0068823600000000006,489984
0.00690228,481874
0.0069222,480914
0.0069421199999999995,472160
0.006962039999999999,467791
0.006981959999999999,462561
0.0070018799999999985,455611
0.007021799999999998,451389
0.007041719999999998,441601
0.0070616399999999975,440449
0.007081559999999997,433547
0.007101479999999997,428459
0.0071213999999999965,423734
0.007141319999999996,416970
0.007161239999999996,410045
0.0071811599999999955,406451
0.007201079999999995,400720
0.007220999999999995,395883
0.0072409199999999944,391224
0.007260839999999994,384718
0.007280759999999997,379971
0.00730068,374939
0.0073206,370102
0.00734052,364265
0.007360439999999999,358894
0.007380359999999999,354214
0.007400279999999999,349882
0.007420199999999998,343341
0.007440119999999998,339280
0.007460039999999998,335586
0.007479959999999997,333883
0.007499879999999997,325985
0.007519799999999997,319509
0.007539719999999996,315942
0.007559639999999996,314787
0.007579559999999996,306966
0.007599479999999995,302553
0.007619399999999995,297745
0.007639319999999995,296584
0.007659239999999994,290794
0.007679159999999997,286048
0.0076990800000000005,282894
0.007719,280121
0.00773892,271699
0.0077588399999999995,269459
0.007778759999999999,266456
0.007798679999999999,264476
0.007818599999999998,257458
0.007838519999999998,255933
0.007858439999999998,250837
0.007878359999999997,248602
0.007898279999999997,244890
0.007918199999999997,239981
0.007938119999999996,235950
0.007958039999999996,234010
0.007977959999999996,228915
0.007997879999999995,226694
0.008017799999999995,221608
0.008037719999999995,219108
0.008057639999999994,215912
0.008077559999999994,212800
0.008097479999999997,209665
0.0081174,204706
0.00813732,203076
0.00815724,200328
0.00817716,196988
0.008197079999999999,193485
0.008216999999999999,189208
0.008236919999999998,186688
0.008256839999999998,182171
0.008276759999999998,181215
0.008296679999999997,179173
0.008316599999999997,174976
0.008336519999999997,173515
0.008356439999999996,170039
0.008376359999999996,167861
0.008396279999999996,163819
0.008416199999999995,161817
0.008436119999999995,160509
0.008456039999999995,155011
0.008475959999999994,152779
0.008495879999999997,152036
0.0085158,149957
0.00853572,145343
0.00855564,146762
0.00857556,142687
0.008595479999999999,140666
0.008615399999999999,136568
0.008635319999999998,135683
0.008655239999999998,132931
0.008675159999999998,131170
0.008695079999999997,128304
0.008714999999999997,126245
0.008734919999999997,126036
0.008754839999999996,123593
0.008774759999999996,119666
0.008794679999999996,118280
0.008814599999999995,117464
0.008834519999999995,114873
0.008854439999999995,114405
0.008874359999999994,110274
0.008894279999999994,108618
0.008914199999999997,106728
0.00893412,105441
0.00895404,103962
0.00897396,102279
0.00899388,99240
0.009013799999999999,98038
0.009033719999999999,94638
0.009053639999999998,93223
0.009073559999999998,92568
0.009093479999999998,92667
0.009113399999999997,90383
0.009133319999999997,87566
0.009153239999999997,87143
0.009173159999999996,85939
0.009193079999999996,83707
0.009212999999999995,83839
0.009232919999999995,80814
0.009252839999999995,79377
0.009272759999999994,78077
0.009292679999999994,76796
0.009312599999999997,74484
0.00933252,73591
0.00935244,72445
0.00937236,70844
0.00939228,70318
0.009412199999999999,67472
0.009432119999999999,68956
0.009452039999999998,64861
0.009471959999999998,65315
0.009491879999999998,63929
0.009511799999999997,62555
0.009531719999999997,61744
0.009551639999999997,60493
0.009571559999999996,58660
0.009591479999999996,58318
0.009611399999999996,57224
0.009631319999999995,56892
0.009651239999999995,54717
0.009671159999999995,53288
0.009691079999999994,53598
0.009710999999999994,51961
0.009730919999999997,51158
0.00975084,49797
0.00977076,48187
0.00979068,48039
0.0098106,47331
0.009830519999999999,45470
0.009850439999999999,45226
0.009870359999999998,44860
0.009890279999999998,42830
0.009910199999999997,42619
0.009930119999999997,42659
0.009950039999999997,42465
0.009969959999999996,40829
0.009989879999999996,39220
0.010009799999999996,39643
0.010029719999999995,38428
0.010049639999999995,37754
0.010069559999999995,36471
0.010089479999999994,36345
0.010109399999999994,34754
0.010129319999999997,34333
0.01014924,34192
0.01016916,32459
0.01018908,32045
0.010209,31690
0.010228919999999999,30551
0.010248839999999999,30372
0.010268759999999998,29284
0.010288679999999998,29315
0.010308599999999998,28594
0.010328519999999997,27586
0.010348439999999997,28014
0.010368359999999997,26829
0.010388279999999996,25972
0.010408199999999996,25502
0.010428119999999996,25154
0.010448039999999995,24983
0.010467959999999995,24211
0.010487879999999995,23965
0.010507799999999994,23448
0.010527719999999994,23753
0.010547639999999997,22530
0.01056756,22063
0.01058748,21135
0.0106074,21592
0.010627319999999999,20807
0.010647239999999999,19625
0.010667159999999998,20137
0.010687079999999998,19269
0.010706999999999998,18983
0.010726919999999997,18928
0.010746839999999997,18303
0.010766759999999997,17976
0.010786679999999996,17688
0.010806599999999996,17030
0.010826519999999996,17417
0.010846439999999995,16984
0.010866359999999995,16237
0.010886279999999995,16891
0.010906199999999994,15462
0.010926119999999994,15388
0.010946039999999997,15502
0.01096596,14904
0.01098588,14780
0.0110058,14445
0.01102572,14054
0.011045639999999999,14351
0.011065559999999999,13593
0.011085479999999998,12691
0.011105399999999998,13666
0.011125319999999998,12187
0.011145239999999997,12395
0.011165159999999997,12118
0.011185079999999997,11682
0.011204999999999996,11554
0.011224919999999996,11236
0.011244839999999996,10937
0.011264759999999995,11122
0.011284679999999995,10632
0.011304599999999995,9940
0.011324519999999994,9328
0.011344439999999994,9643
0.011364359999999997,9114
0.01138428,9352
0.0114042,8982
0.01142412,8799
0.011444039999999999,8665
0.011463959999999999,8388
0.011483879999999998,7854
0.011503799999999998,7773
0.011523719999999998,7896
0.011543639999999997,7358
0.011563559999999997,7639
0.011583479999999997,7320
0.011603399999999996,7420
0.011623319999999996,7030
0.011643239999999996,6500
0.011663159999999995,6571
0.011683079999999995,6828
0.011702999999999995,6444
0.011722919999999994,6117
0.011742839999999994,6056
0.011762759999999997,5449
0.01178268,5658
0.0118026,5642
0.01182252,5418
0.01184244,5439
0.011862359999999999,4826
0.011882279999999999,4849
0.011902199999999998,4517
0.011922119999999998,4850
0.011942039999999998,4935
0.011961959999999997,4221
0.011981879999999997,4547
0.012001799999999996,4430
0.012021719999999996,3918
0.012041639999999996,3971
0.012061559999999995,4157
0.012081479999999995,3793
0.012101399999999995,4041
0.012121319999999994,3807
0.012141239999999994,3807
0.012161159999999994,3711
0.012181079999999997,3448
0.012201,3412
0.01222092,3215
0.01224084,3045
0.012260759999999999,3119
0.012280679999999999,3220
0.012300599999999998,2861
0.012320519999999998,2936
0.012340439999999998,3025
0.012360359999999997,3028
0.012380279999999997,2923
0.012400199999999997,2801
0.012420119999999996,2392
0.012440039999999996,2765
0.012459959999999996,2460
0.012479879999999995,2495
0.012499799999999995,2315
0.012519719999999995,2446
0.012539639999999994,2027
0.012559559999999994,2159
0.012579479999999997,2124
0.0125994,2012
0.01261932,2163
0.01263924,1599
0.01265916,1765
0.012679079999999999,1860
0.012698999999999998,1733
0.012718919999999998,1614
0.012738839999999998,1601
0.012758759999999997,1516
0.012778679999999997,1533
0.012798599999999997,1649
0.012818519999999996,1312
0.012838439999999996,1326
0.012858359999999996,1363
0.012878279999999995,1407
0.012898199999999995,1221
0.012918119999999995,1142
0.012938039999999994,1209
0.012957959999999994,1010
0.012977879999999994,1110
0.012997799999999997,1050
0.01301772,973
0.01303764,975
0.01305756,1064
0.013077479999999999,998
0.013097399999999999,945
0.013117319999999998,978
0.013137239999999998,939
0.013157159999999998,889
0.013177079999999997,630
0.013196999999999997,699
0.013216919999999997,868
0.013236839999999996,755
0.013256759999999996,768
0.013276679999999996,774
0.013296599999999995,804
0.013316519999999995,580
0.013336439999999995,753
0.013356359999999994,736
0.013376279999999994,690
0.013396199999999997,611
0.01341612,609
0.01343604,553
0.01345596,521
0.013475879999999999,457
0.013495799999999999,470
0.013515719999999998,559
0.013535639999999998,461
0.013555559999999998,468
0.013575479999999997,473
0.013595399999999997,468
0.013615319999999997,350
0.013635239999999996,398
0.013655159999999996,399
0.013675079999999996,359
0.013694999999999995,440
0.013714919999999995,312
0.013734839999999995,305
0.013754759999999994,311
0.013774679999999994,462
0.013794599999999994,283
0.013814519999999997,244
0.01383444,324
0.01385436,245
0.01387428,293
0.013894199999999999,275
0.013914119999999999,269
0.013934039999999998,217
0.013953959999999998,218
0.013973879999999998,258
0.013993799999999997,336
0.014013719999999997,265
0.014033639999999997,166
0.014053559999999996,187
0.014073479999999996,229
0.014093399999999996,186
0.014113319999999995,170
0.014133239999999995,189
0.014153159999999994,170
0.014173079999999994,121
0.014192999999999994,176
0.014212919999999997,168
0.01423284,134
0.01425276,140
0.01427268,128
0.014292599999999999,222
0.014312519999999999,113
0.014332439999999998,172
0.014352359999999998,102
0.014372279999999998,155
0.014392199999999997,125
0.014412119999999997,172
0.014432039999999997,119
0.014451959999999996,93
0.014471879999999996,154
0.014491799999999996,96
0.014511719999999995,149
0.014531639999999995,144
0.014551559999999995,83
0.014571479999999994,132
0.014591399999999994,91
0.014611319999999994,99
0.014631239999999997,111
0.01465116,105
0.01467108,87
0.014691,51
0.014710919999999999,75
0.014730839999999999,78
0.014750759999999998,83
0.014770679999999998,79
0.014790599999999997,90
0.014810519999999997,55
0.014830439999999997,51
0.014850359999999996,64
0.014870279999999996,85
0.014890199999999996,70
0.014910119999999995,59
0.014930039999999995,68
0.014949959999999995,36
0.014969879999999994,79
0.014989799999999994,38
0.015009719999999994,66
0.015029639999999997,48
0.01504956,67
0.01506948,40
0.0150894,28
0.015109319999999999,48
0.015129239999999999,59
0.015149159999999998,38
0.015169079999999998,48
0.015188999999999998,68
0.015208919999999997,60
0.015228839999999997,71
0.015248759999999997,43
0.015268679999999996,44
0.015288599999999996,32
0.015308519999999996,45
0.015328439999999995,59
0.015348359999999995,42
0.015368279999999995,18
0.015388199999999994,26
0.015408119999999994,42
0.015428039999999994,32
0.015447959999999997,52
0.01546788,35
0.0154878,34
0.01550772,28
0.015527639999999999,17
0.015547559999999998,31
0.015567479999999998,47
0.015587399999999998,31
0.015607319999999997,41
0.015627239999999997,53
0.015647159999999997,38
0.015667079999999996,10
0.015686999999999996,20
0.015706919999999996,22
0.015726839999999995,31
0.015746759999999995,22
0.015766679999999995,7
0.015786599999999994,18
0.015806519999999994,19
0.015826439999999994,8
0.015846359999999997,8
0.01586628,11
0.0158862,15
0.01590612,4
0.01592604,13
0.01594596,8
0.01596588,0
0.015985799999999998,7
0.016005719999999998,1
0.016025639999999997,0
0.016045559999999997,25
0.016065479999999997,17
0.016085399999999996,7
0.016105319999999996,12
0.016125239999999996,4
0.016145159999999995,12
0.016165079999999995,0
0.016184999999999995,16
0.016204919999999994,0
0.016224839999999994,0
0.016244759999999997,0
0.01626468,6
0.0162846,0
0.01630452,0
0.01632444,4
0.01634436,0
0.01636428,1
0.016384199999999998,1
0.016404119999999998,0
0.016424039999999997,1
0.016443959999999997,9
0.016463879999999997,0
0.016483799999999996,0
0.016503719999999996,0
0.016523639999999996,9
0.016543559999999995,0
0.016563479999999995,1
0.016583399999999995,5
0.016603319999999994,0
0.016623239999999994,7
0.016643159999999994,4
0.016663079999999997,0
0.016683,0
0.01670292,0
0.01672284,1
0.01674276,0
0.01676268,0
0.016782599999999998,6
0.016802519999999998,0
0.016822439999999998,0
0.016842359999999997,0
0.016862279999999997,2
0.016882199999999997,2
0.016902119999999996,0
0.016922039999999996,0
0.016941959999999995,0
0.016961879999999995,0
0.016981799999999995,0
0.017001719999999994,0
0.017021639999999994,0
0.017041559999999994,0
0.017061479999999997,0
0.0170814,0
0.01710132,0
0.01712124,0
0.01714116,0
0.01716108,0
0.017181,0
0.017200919999999998,0
0.017220839999999998,0
0.017240759999999997,0
0.017260679999999997,0
0.017280599999999997,0
0.017300519999999996,0
0.017320439999999996,0
0.017340359999999996,0
0.017360279999999995,0
0.017380199999999995,0
0.017400119999999995,0
0.017420039999999994,0
0.017439959999999994,0
0.017459879999999994,0
0.017479799999999997,0
0.01749972,0
0.01751964,0
0.01753956,0
0.01755948,0
0.0175794,0
0.017599319999999998,0
0.017619239999999998,0
0.017639159999999997,0
0.017659079999999997,0
0.017678999999999997,0
0.017698919999999996,0
0.017718839999999996,0
0.017738759999999996,0
0.017758679999999995,0
0.017778599999999995,0
0.017798519999999995,0
0.017818439999999994,0
0.017838359999999994,0
0.017858279999999994,0
0.017878199999999997,0
0.01789812,0
0.01791804,0
0.01793796,0
0.01795788,0
0.0179778,0
0.01799772,0
0.018017639999999998,0
0.018037559999999998,0
0.018057479999999997,0
0.018077399999999997,0
0.018097319999999997,0
0.018117239999999996,0
0.018137159999999996,0
0.018157079999999996,0
0.018176999999999995,0
0.018196919999999995,0
0.018216839999999995,0
0.018236759999999994,0
0.018256679999999994,0
0.018276599999999994,0
0.018296519999999997,0
0.01831644,0
0.01833636,0
0.01835628,0
0.0183762,0
0.01839612,0
0.018416039999999998,0
0.018435959999999998,0
0.018455879999999997,0
0.018475799999999997,0
0.018495719999999997,0
0.018515639999999996,0
0.018535559999999996,0
0.018555479999999996,0
0.018575399999999995,0
0.018595319999999995,0
0.018615239999999995,0
0.018635159999999994,0
0.018655079999999994,0
0.018674999999999994,0
0.018694919999999997,0
0.01871484,0
0.01873476,0
0.01875468,0
0.0187746,0
0.01879452,0
0.018814439999999998,0
0.018834359999999998,0
0.018854279999999998,0
0.018874199999999997,0
0.018894119999999997,0
0.018914039999999997,0
0.018933959999999996,0
0.018953879999999996,0
0.018973799999999996,0
0.018993719999999995,0
0.019013639999999995,0
0.019033559999999995,0
0.019053479999999994,0
0.019073399999999994,0
0.019093319999999993,0
0.019113239999999997,0
0.01913316,0
0.01915308,0
0.019173,0
0.01919292,0
0.01921284,0
0.019232759999999998,0
0.019252679999999998,0
0.019272599999999997,0
0.019292519999999997,0
0.019312439999999997,0
0.019332359999999996,0
0.019352279999999996,0
0.019372199999999996,0
0.019392119999999995,0
0.019412039999999995,0
0.019431959999999995,0
0.019451879999999994,0
0.019471799999999994,0
0.019491719999999994,0
0.019511639999999997,0
0.01953156,0
0.01955148,0
0.0195714,0
0.01959132,0
0.01961124,0
0.019631159999999998,0
0.019651079999999998,0
0.019670999999999998,0
0.019690919999999997,0
0.019710839999999997,0
0.019730759999999996,0
0.019750679999999996,0
0.019770599999999996,0
0.019790519999999995,0
0.019810439999999995,0
0.019830359999999995,0
0.019850279999999994,0
0.019870199999999994,0
0.019890119999999994,0
0.019910039999999993,0
0.019929959999999997,0
0.01994988,0
0.0199698,0
0.01998972,0
0.02000964,0
0.02002956,0
0.020049479999999998,0
0.020069399999999998,0
0.020089319999999997,0
0.020109239999999997,0
0.020129159999999997,0
0.020149079999999996,0
0.020168999999999996,0
0.020188919999999996,0
0.020208839999999995,0
0.020228759999999995,0
0.020248679999999995,0
0.020268599999999994,0
0.020288519999999994,0
0.020308439999999994,0
0.020328359999999997,0
0.02034828,0
0.0203682,0
0.02038812,0
0.02040804,0
0.02042796,0
0.020447879999999998,0
0.020467799999999998,0
0.020487719999999997,0
0.020507639999999997,0
0.020527559999999997,0
0.020547479999999996,0
0.020567399999999996,0
0.020587319999999996,0
0.020607239999999995,0
0.020627159999999995,0
0.020647079999999995,0
0.020666999999999994,0
0.020686919999999994,0
0.020706839999999994,0
0.020726759999999993,0
0.020746679999999997,0
0.0207666,0
0.02078652,0
0.02080644,0
0.02082636,0
0.02084628,0
0.020866199999999998,0
0.020886119999999998,0
0.020906039999999997,0
0.020925959999999997,0
0.020945879999999997,0
0.020965799999999996,0
0.020985719999999996,0
0.021005639999999996,0
0.021025559999999995,0
0.021045479999999995,0
0.021065399999999995,0
0.021085319999999994,0
0.021105239999999994,0
0.021125159999999994,0
0.021145079999999997,0
0.021165,0
0.02118492,0
0.02120484,0
0.02122476,0
0.02124468,0
0.021264599999999998,0
0.021284519999999998,0
0.021304439999999997,0
0.021324359999999997,0
0.021344279999999997,0
0.021364199999999996,0
0.021384119999999996,0
0.021404039999999996,0
0.021423959999999995,0
0.021443879999999995,0
0.021463799999999995,0
0.021483719999999994,0
0.021503639999999994,0
0.021523559999999994,0
0.021543479999999993,0
0.021563399999999996,0
0.02158332,0
0.02160324,0
0.02162316,0
0.02164308,0
0.021662999999999998,0
0.021682919999999998,0
0.021702839999999998,0
0.021722759999999997,0
0.021742679999999997,0
0.021762599999999997,0
0.021782519999999996,0
0.021802439999999996,0
0.021822359999999996,0
0.021842279999999995,0
0.021862199999999995,0
0.021882119999999994,0
0.021902039999999994,0
0.021921959999999994,0
0.021941879999999993,0
0.021961799999999997,0
0.02198172,0
0.02200164,0
0.02202156,0
0.02204148,0
0.0220614,0
0.022081319999999998,0
0.022101239999999998,0
0.022121159999999997,0
0.022141079999999997,0
0.022160999999999997,0
0.022180919999999996,0
0.022200839999999996,0
0.022220759999999996,0
0.022240679999999995,0
0.022260599999999995,0
0.022280519999999995,0
0.022300439999999994,0
0.022320359999999994,0
0.022340279999999994,0
0.022360199999999993,0
0.022380119999999996,0
0.02240004,0
0.02241996,0
0.02243988,0
0.0224598,0
0.022479719999999998,0
0.022499639999999998,0
0.022519559999999997,0
0.022539479999999997,0
0.022559399999999997,0
0.022579319999999996,0
0.022599239999999996,0
0.022619159999999996,0
0.022639079999999995,0
0.022659,0
0.022678919999999998,0
0.022698839999999998,0
0.022718759999999998,0
0.022738679999999997,0
0.022758599999999997,0
0.022778519999999997,0
0.022798439999999996,0
0.022818359999999996,0
0.022838279999999996,0
0.022858199999999995,0
0.022878119999999995,0
0.022898039999999995,0
0.022917959999999994,0
0.022937879999999994,0
0.022957799999999993,0
0.022977719999999993,0
0.02299764,0
0.02301756,0
0.02303748,0
0.0230574,0
0.02307732,0
0.023097239999999998,0
0.023117159999999998,0
0.023137079999999997,0
0.023156999999999997,0
0.023176919999999997,0
0.023196839999999996,0
0.023216759999999996,0
0.023236679999999996,0
0.023256599999999995,0
0.023276519999999995,0
0.023296439999999995,0
0.023316359999999994,0
0.023336279999999994,0
0.023356199999999994,0
0.023376119999999993,0
0.023396039999999993,0
0.02341596,0
0.02343588,0
0.0234558,0
0.02347572,0
0.023495639999999998,0
0.023515559999999998,0
0.023535479999999998,0
0.023555399999999997,0
0.023575319999999997,0
0.023595239999999996,0
0.023615159999999996,0
0.023635079999999996,0
0.023654999999999995,0
0.023674919999999995,0
0.023694839999999995,0
0.023714759999999994,0
0.023734679999999994,0
0.023754599999999994,0
0.023774519999999993,0
0.02379444,0
0.02381436,0
0.02383428,0
0.0238542,0
0.02387412,0
0.02389404,0
0.023913959999999998,0
0.023933879999999998,0
0.023953799999999997,0
0.023973719999999997,0
0.023993639999999997,0
0.024013559999999996,0
0.024033479999999996,0
0.024053399999999996,0
0.024073319999999995,0
0.024093239999999995,0
0.024113159999999995,0
0.024133079999999994,0
0.024152999999999994,0
0.024172919999999994,0
0.024192839999999993,0
0.02421276,0
0.02423268,0
0.0242526,0
0.02427252,0
0.02429244,0
0.024312359999999998,0
0.024332279999999998,0
0.024352199999999997,0
0.024372119999999997,0
0.024392039999999997,0
0.024411959999999996,0
0.024431879999999996,0
0.024451799999999996,0
0.024471719999999995,0
0.024491639999999995,0
0.024511559999999995,0
0.024531479999999994,0
0.024551399999999994,0
0.024571319999999994,0
0.024591239999999993,0
0.024611159999999993,0
0.02463108,0
0.024651,0
0.02467092,0
0.02469084,0
0.02471076,0
0.024730679999999998,0
0.024750599999999998,0
0.024770519999999997,0
0.024790439999999997,0
0.024810359999999997,0
0.024830279999999996,0
0.024850199999999996,0
0.024870119999999996,0
0.024890039999999995,0
0.024909959999999995,0
0.024929879999999995,0
0.024949799999999994,0
0.024969719999999994,0
0.024989639999999994,0
0.025009559999999993,0
0.025029479999999993,0
0.0250494,0
0.02506932,0
0.02508924,0
0.02510916,0
0.025129079999999998,0
0.025148999999999998,0
0.025168919999999997,0
0.025188839999999997,0
0.025208759999999997,0
0.025228679999999996,0
0.025248599999999996,0
0.025268519999999996,0
0.025288439999999995,0
0.025308359999999995,0
0.025328279999999995,0
0.025348199999999994,0
0.025368119999999994,0
0.025388039999999994,0
0.025407959999999993,0
0.02542788,0
0.0254478,0
0.02546772,0
0.02548764,0
0.02550756,0
0.025527479999999998,0
0.025547399999999998,0
0.025567319999999998,0
0.025587239999999997,0
0.025607159999999997,0
0.025627079999999997,0
0.025646999999999996,0
0.025666919999999996,0
0.025686839999999996,0
0.025706759999999995,0
0.025726679999999995,0
0.025746599999999994,0
0.025766519999999994,0
0.025786439999999994,0
0.025806359999999993,0
0.025826279999999993,0
0.0258462,0
0.02586612,0
0.02588604,0
0.02590596,0
0.02592588,0
0.025945799999999998,0
0.025965719999999998,0
0.025985639999999997,0
0.026005559999999997,0
0.026025479999999997,0
0.026045399999999996,0
0.026065319999999996,0
0.026085239999999996,0
0.026105159999999995,0
0.026125079999999995,0
0.026144999999999995,0
0.026164919999999994,0
0.026184839999999994,0
0.026204759999999994,0
0.026224679999999993,0
0.026244599999999993,0
0.02626452,0
0.02628444,0
0.02630436,0
0.02632428,0
0.026344199999999998,0
0.026364119999999998,0
0.026384039999999997,0
0.026403959999999997,0
0.026423879999999997,0
0.026443799999999996,0
0.026463719999999996,0
0.026483639999999996,0
0.026503559999999995,0
0.026523479999999995,0
0.026543399999999995,0
0.026563319999999994,0
0.026583239999999994,0
0.026603159999999994,0
0.026623079999999993,0
0.026642999999999993,0
0.026662919999999993,0
0.02668284,0
0.02670276,0
0.02672268,0
0.0267426,0
0.026762519999999998,0
0.026782439999999998,0
0.026802359999999997,0
0.026822279999999997,0
0.026842199999999997,0
0.026862119999999996,0
0.026882039999999996,0
0.026901959999999996,0
0.026921879999999995,0
0.026941799999999995,0
0.026961719999999995,0
0.026981639999999994,0
0.027001559999999994,0
0.027021479999999994,0
0.027041399999999993,0
0.02706132,0
0.02708124,0
0.02710116,0
0.02712108,0
0.027141,0
0.027160919999999998,0
0.027180839999999998,0
0.027200759999999997,0
0.027220679999999997,0
0.027240599999999997,0
0.027260519999999996,0
0.027280439999999996,0
0.027300359999999996,0
0.027320279999999995,0
0.027340199999999995,0
0.027360119999999995,0
0.027380039999999994,0
0.027399959999999994,0
0.027419879999999994,0
0.027439799999999993,0
0.027459719999999993,0
0.02747964,0
0.02749956,0
0.02751948,0
0.0275394,0
0.027559319999999998,0
0.027579239999999998,0
0.027599159999999998,0
0.027619079999999997,0
0.027638999999999997,0
0.027658919999999997,0
0.027678839999999996,0
0.027698759999999996,0
0.027718679999999996,0
0.027738599999999995,0
0.027758519999999995,0
0.027778439999999995,0
0.027798359999999994,0
0.027818279999999994,0
0.027838199999999994,0
0.027858119999999993,0
0.027878039999999993,0
0.02789796,0
0.02791788,0
0.0279378,0
0.02795772,0
0.027977639999999998,0
0.027997559999999998,0
0.028017479999999997,0
0.028037399999999997,0
0.028057319999999997,0
0.028077239999999996,0
0.028097159999999996,0
0.028117079999999996,0
0.028136999999999995,0
0.028156919999999995,0
0.028176839999999995,0
0.028196759999999994,0
0.028216679999999994,0
0.028236599999999994,0
0.028256519999999993,0
0.028276439999999993,0
0.028296359999999993,0
0.02831628,0
0.0283362,0
0.02835612,0
0.028376039999999998,0
0.028395959999999998,0
0.028415879999999998,0
0.028435799999999997,0
0.028455719999999997,0
0.028475639999999997,0
0.028495559999999996,0
0.028515479999999996,0
0.028535399999999995,0
0.028555319999999995,0
0.028575239999999995,0
0.028595159999999994,0
0.028615079999999994,0
0.028634999999999994,0
0.028654919999999993,0
0.028674839999999993,0
0.02869476,0
0.02871468,0
0.0287346,0
0.02875452,0
0.02877444,0
0.028794359999999998,0
0.028814279999999998,0
0.028834199999999997,0
0.028854119999999997,0
0.028874039999999997,0
0.028893959999999996,0
0.028913879999999996,0
0.028933799999999996,0
0.028953719999999995,0
0.028973639999999995,0
0.028993559999999995,0
0.029013479999999994,0
0.029033399999999994,0
0.029053319999999994,0
0.029073239999999993,0
0.029093159999999993,0
0.02911308,0
0.029133,0
0.02915292,0
0.02917284,0
0.029192759999999998,0
0.029212679999999998,0
0.029232599999999997,0
0.029252519999999997,0
0.029272439999999997,0
0.029292359999999996,0
0.029312279999999996,0
0.029332199999999996,0
0.029352119999999995,0
0.029372039999999995,0
0.029391959999999995,0
0.029411879999999994,0
0.029431799999999994,0
0.029451719999999994,0
0.029471639999999993,0
0.029491559999999993,0
0.029511479999999993,0
0.0295314,0
0.02955132,0
0.02957124,0
0.02959116,0
0.029611079999999998,0
0.029630999999999998,0
0.029650919999999997,0
0.029670839999999997,0
0.029690759999999997,0
0.029710679999999996,0
0.029730599999999996,0
0.029750519999999996,0
0.029770439999999995,0
0.029790359999999995,0
0.029810279999999995,0
0.029830199999999994,0
0.029850119999999994,0
0.029870039999999994,0
0.029889959999999993,0
0.029909879999999993,0
0.029929799999999993,0
0.02994972,0
0.02996964,0
0.02998956,0
0.030009479999999998,0
0.030029399999999998,0
0.030049319999999997,0
0.030069239999999997,0
0.030089159999999997,0
0.030109079999999996,0
0.030128999999999996,0
0.030148919999999996,0
0.030168839999999995,0
0.030188759999999995,0
0.030208679999999995,0
0.030228599999999994,0
0.030248519999999994,0
0.030268439999999994,0
0.030288359999999993,0
0.030308279999999993,0
0.0303282,0
0.03034812,0
0.03036804,0
0.03038796,0
0.030407879999999998,0
0.030427799999999998,0
0.030447719999999998,0
0.030467639999999997,0
0.030487559999999997,0
0.030507479999999997,0
0.030527399999999996,0
0.030547319999999996,0
0.030567239999999996,0
0.030587159999999995,0
0.030607079999999995,0
0.030626999999999995,0
0.030646919999999994,0
0.030666839999999994,0
0.030686759999999993,0
0.030706679999999993,0
0.030726599999999993,0
0.03074652,0
0.03076644,0
0.03078636,0
0.03080628,0
0.030826199999999998,0
0.030846119999999998,0
0.030866039999999997,0
0.030885959999999997,0
0.030905879999999997,0
0.030925799999999996,0
0.030945719999999996,0
0.030965639999999996,0
0.030985559999999995,0
0.031005479999999995,0
0.031025399999999995,0
0.031045319999999994,0
0.031065239999999994,0
0.031085159999999994,0
0.031105079999999993,0
0.031124999999999993,0
0.031144919999999993,0
0.03116484,0
0.03118476,0
0.03120468,0
0.031224599999999998,0
0.031244519999999998,0
0.03126444,0
0.03128436,0
0.03130428,0
0.031324199999999996,0
0.031344119999999996,0
0.031364039999999996,0
0.031383959999999995,0
0.031403879999999995,0
0.031423799999999995,0
0.031443719999999994,0
0.031463639999999994,0
0.031483559999999994,0
0.03150347999999999,0
0.03152339999999999,0
0.03154332,0
0.03156324,0
0.03158316,0
0.03160308,0
0.031623,0
0.03164292,0
0.03166284,0
0.03168276,0
0.03170268,0
0.0317226,0
0.031742519999999996,0
0.031762439999999996,0
0.031782359999999996,0
0.031802279999999995,0
0.031822199999999995,0
0.031842119999999995,0
0.031862039999999994,0
0.031881959999999994,0
0.031901879999999994,0
0.03192179999999999,0
0.03194171999999999,0
0.03196164,0
0.03198156,0
0.03200148,0
0.0320214,0
0.03204132,0
0.03206124,0
0.03208116,0
0.03210108,0
0.032121,0
0.032140919999999996,0
0.032160839999999996,0
0.032180759999999996,0
0.032200679999999995,0
0.032220599999999995,0
0.032240519999999995,0
0.032260439999999994,0
0.032280359999999994,0
0.032300279999999994,0
0.03232019999999999,0
0.03234011999999999,0
0.03236003999999999,0
0.03237996,0
0.03239988,0
0.0324198,0
0.03243972,0
0.03245964,0
0.03247956,0
0.03249948,0
0.0325194,0
0.03253932,0
0.032559239999999996,0
0.032579159999999996,0
0.032599079999999996,0
0.032618999999999995,0
0.032638919999999995,0
0.032658839999999995,0
0.032678759999999994,0
0.032698679999999994,0
0.032718599999999994,0
0.03273851999999999,0
0.03275843999999999,0
0.03277835999999999,0
0.03279828,0
0.0328182,0
0.03283812,0
0.03285804,0
0.03287796,0
0.03289788,0
0.0329178,0
0.03293772,0
0.032957639999999996,0
0.032977559999999996,0
0.032997479999999996,0
0.033017399999999995,0
0.033037319999999995,0
0.033057239999999995,0
0.033077159999999994,0
0.033097079999999994,0
0.033116999999999994,0
0.03313691999999999,0
0.03315683999999999,0
0.03317676,0
0.03319668,0
0.0332166,0
0.03323652,0
0.03325644,0
0.03327636,0
0.03329628,0
0.0333162,0
0.03333612,0
0.033356039999999997,0
0.033375959999999996,0
0.033395879999999996,0
0.033415799999999996,0
0.033435719999999995,0
0.033455639999999995,0
0.033475559999999994,0
0.033495479999999994,0
0.033515399999999994,0
0.03353531999999999,0
0.03355523999999999,0
0.03357515999999999,0
0.03359508,0
0.033615,0
0.03363492,0
0.03365484,0
0.03367476,0
0.03369468,0
0.0337146,0
0.03373452,0
0.03375444,0
0.033774359999999996,0
0.033794279999999996,0
0.033814199999999996,0
0.033834119999999995,0
0.033854039999999995,0
0.033873959999999995,0
0.033893879999999994,0
0.033913799999999994,0
0.033933719999999994,0
0.03395363999999999,0
0.03397355999999999,0
0.03399347999999999,0
0.0340134,0
0.03403332,0
0.03405324,0
0.03407316,0
0.03409308,0
0.034113,0
0.03413292,0
0.03415284,0
0.034172759999999996,0
0.034192679999999996,0
0.034212599999999996,0
0.034232519999999995,0
0.034252439999999995,0
0.034272359999999995,0
0.034292279999999994,0
0.034312199999999994,0
0.034332119999999994,0
0.03435203999999999,0
0.03437195999999999,0
0.03439187999999999,0
0.03441179999999999,0
0.03443172,0
0.03445164,0
0.03447156,0
0.03449148,0
0.0345114,0
0.03453132,0
0.03455124,0
0.03457116,0
0.034591079999999996,0
0.034610999999999996,0
0.034630919999999996,0
0.034650839999999995,0
0.034670759999999995,0
0.034690679999999995,0
0.034710599999999994,0
0.034730519999999994,0
0.034750439999999994,0
0.03477035999999999,0
0.03479027999999999,0
0.0348102,0
0.03483012,0
0.03485004,0
0.03486996,0
0.03488988,0
0.0349098,0
0.03492972,0
0.03494964,0
0.03496956,0
0.034989479999999996,0
0.035009399999999996,0
0.035029319999999996,0
0.035049239999999995,0
0.035069159999999995,0
0.035089079999999995,0
0.035108999999999994,0
0.035128919999999994,0
0.035148839999999994,0
0.03516875999999999,0
0.03518867999999999,0
0.03520859999999999,0
0.03522852,0
0.03524844,0
0.03526836,0
0.03528828,0
0.0353082,0
0.03532812,0
0.03534804,0
0.03536796,0
0.03538788,0
0.035407799999999996,0
0.035427719999999996,0
0.035447639999999996,0
0.035467559999999995,0
0.035487479999999995,0
0.035507399999999995,0
0.035527319999999994,0
0.035547239999999994,0
0.035567159999999994,0
0.03558707999999999,0
0.03560699999999999,0
0.03562691999999999,0
0.03564684,0
0.03566676,0
0.03568668,0
0.0357066,0
0.03572652,0
0.03574644,0
0.03576636,0
0.03578628,0
0.035806199999999996,0
0.035826119999999996,0
0.035846039999999996,0
0.035865959999999995,0
0.035885879999999995,0
0.035905799999999995,0
0.035925719999999994,0
0.035945639999999994,0
0.035965559999999994,0
0.03598547999999999,0
0.03600539999999999,0
0.03602531999999999,0
0.03604523999999999,0
0.03606516,0
0.03608508,0
0.036105,0
0.03612492,0
0.03614484,0
0.03616476,0
0.03618468,0
0.036204599999999997,0
0.036224519999999996,0
0.036244439999999996,0
0.036264359999999995,0
0.036284279999999995,0
0.036304199999999995,0
0.036324119999999994,0
0.036344039999999994,0
0.036363959999999994,0
0.03638387999999999,0
0.03640379999999999,0
0.03642371999999999,0
0.03644364,0
0.03646356,0
0.03648348,0
0.0365034,0
0.03652332,0
0.03654324,0
0.03656316,0
0.03658308,0
0.036603,0
0.036622919999999996,0
0.036642839999999996,0
0.036662759999999996,0
0.036682679999999995,0
0.036702599999999995,0
0.036722519999999995,0
0.036742439999999994,0
0.036762359999999994,0
0.036782279999999994,0
0.03680219999999999,0
0.03682211999999999,0
0.03684203999999999,0
0.03686196,0
0.03688188,0
0.0369018,0
0.03692172,0
0.03694164,0
0.03696156,0
0.03698148,0
0.0370014,0
0.037021319999999996,0
0.037041239999999996,0
0.037061159999999996,0
0.037081079999999995,0
0.037100999999999995,0
0.037120919999999995,0
0.037140839999999994,0
0.037160759999999994,0
0.037180679999999994,0
0.03720059999999999,0
0.03722051999999999,0
0.03724043999999999,0
0.03726035999999999,0
0.03728028,0
0.0373002,0
0.03732012,0
0.03734004,0
0.03735996,0
0.03737988,0
0.0373998,0
0.03741972,0
0.037439639999999996,0
0.037459559999999996,0
0.037479479999999996,0
0.037499399999999995,0
0.037519319999999995,0
0.037539239999999995,0
0.037559159999999994,0
0.037579079999999994,0
0.037598999999999994,0
0.03761891999999999,0
0.03763883999999999,0
0.03765875999999999,0
0.03767867999999999,0
0.0376986,0
0.03771852,0
0.03773844,0
0.03775836,0
0.03777828,0
0.0377982,0
0.03781812,0
0.037838039999999996,0
0.037857959999999996,0
0.037877879999999996,0
0.037897799999999995,0
0.037917719999999995,0
0.037937639999999995,0
0.037957559999999994,0
0.037977479999999994,0
0.037997399999999994,0
0.03801731999999999,0
0.03803723999999999,0
0.03805715999999999,0
0.03807708,0
0.038097,0
0.03811692,0
0.03813684,0
0.03815676,0
0.03817668,0
0.0381966,0
0.03821652,0
0.03823644,0
0.038256359999999996,0
0.038276279999999996,0
0.038296199999999996,0
0.038316119999999995,0
0.038336039999999995,0
0.038355959999999995,0
0.038375879999999994,0
0.038395799999999994,0
0.038415719999999993,0
0.03843563999999999,0
0.03845555999999999,0
0.03847547999999999,0
0.0384954,0
0.03851532,0
0.03853524,0
0.03855516,0
0.03857508,0
0.038595,0
0.03861492,0
0.03863484,0
0.038654759999999996,0
0.038674679999999996,0
0.038694599999999996,0
0.038714519999999995,0
0.038734439999999995,0
0.038754359999999995,0
0.038774279999999994,0
0.038794199999999994,0
0.038814119999999994,0
0.03883403999999999,0
0.03885395999999999,0
0.03887387999999999,0
0.03889379999999999,0
0.03891372,0
0.03893364,0
0.03895356,0
0.03897348,0
0.0389934,0
0.03901332,0
0.03903324,0
0.039053159999999996,0
0.039073079999999996,0
0.039092999999999996,0
0.039112919999999995,0
0.039132839999999995,0
0.039152759999999995,0
0.039172679999999994,0
0.039192599999999994,0
0.039212519999999994,0
0.03923243999999999,0
0.03925235999999999,0
0.03927227999999999,0
0.03929219999999999,0
0.03931211999999999,0
0.03933204,0
0.03935196,0
0.03937188,0
0.0393918,0
0.03941172,0
0.03943164,0
0.03945156,0
0.039471479999999996,0
0.039491399999999996,0
0.039511319999999996,0
0.039531239999999995,0
0.039551159999999995,0
0.039571079999999995,0
0.039590999999999994,0
0.039610919999999994,0
0.039630839999999994,0
0.03965075999999999,0
0.03967067999999999,0
0.03969059999999999,0
0.03971052,0
0.03973044,0
0.03975036,0
0.03977028,0
0.0397902,0
0.03981012,0
0.03983004,0
