nuclear_recoil_energy,qf,qf_err
0.27997997997998003,2.9492075810024967,0.0753715967212063
0.36996996996997,3.071945821007874,0.07769359136158638
0.45995995995996,3.171044442190486,0.07975608431344083
0.54994994994995,3.2545888482094085,0.08157747558544903
0.63993993993994,3.3270594577119814,0.0831992181244745
0.72992992992993,3.391213413931054,0.08465806296690337
0.81991991991992,3.448874802595599,0.08598306891475316
0.9099099099099099,3.501316405502297,0.0871967575353616
0.9998998998998999,3.5494633952742833,0.08831665795908394
1.08988988988989,3.5940104451842654,0.08935657160475063
1.1798798798798802,3.6354931030142277,0.09032751135546402
1.26986986986987,3.674333381317416,0.0912383828128962
1.3598598598598601,3.7108700258890477,0.09209647847731528
1.44984984984985,3.7453792736806757,0.09290783938066083
1.53983983983984,3.7780894866015564,0.09367752292621256
1.6298298298298302,3.8091917162064597,0.09440980385894981
1.71981981981982,3.838847490371105,0.09510832703057392
1.80980980980981,3.8671946579215706,0.09577622497440297
1.8997997997998,3.8943518469638847,0.09641620947184038
1.98978978978979,3.9204219150877058,0.09703064364829705
2.07977977977978,3.9454946541814513,0.0976215993305356
2.16976976976977,3.9696489358255755,0.0981909031098267
2.2597597597597603,3.9929544311187986,0.0987401736671849
2.34974974974975,4.015473002759656,0.09927085227001164
2.43973973973974,4.037259841870066,0.09978422787533159
2.52972972972973,4.058364403957625,0.10028145795148902
2.61971971971972,4.078831185317099,0.10076358585248624
2.7097097097097103,4.09870037156445,0.1012315554175025
2.7996996996997,4.118008382868163,0.10168622330152033
2.88968968968969,4.1367883350920645,0.1021283694543964
2.97967967967968,4.15507043200834,0.10255870606499151
3.06966966966967,4.172882300635443,0.10297788523900397
3.1596596596596602,4.190249279358545,0.10338650561557294
3.24964964964965,4.2071946666247815,0.10378511809512769
3.33963963963964,4.223739936540351,0.10417423081877875
3.42962962962963,4.239904926540227,0.10455431351254596
3.51961961961962,4.255708001379558,0.10492580129162654
3.60960960960961,4.271166196958041,0.10528909800485042
3.6995995995996,4.2862953468944385,0.10564457918267145
3.78958958958959,4.301110194285612,0.10599259464341859
3.87957957957958,4.315624490692638,0.10633347080700517
3.96956956956957,4.329851084073024,0.1066675127525496
4.05955955955956,4.343801997114898,0.10699500605398882
4.149549549549549,4.357488497208595,0.10731621842108385
4.23953953953954,4.370921159108462,0.10763140117038095
4.3295295295295295,4.3841099211870285,0.10794079054995809
4.41951951951952,4.397064136055005,0.10824460892847299
4.50950950950951,4.409792616213785,0.108543065871757
4.599499499499499,4.422303675316954,0.1088363591149486
4.68948948948949,4.4346051655396455,0.10912467544422277
4.7794794794794795,4.446704511490418,0.10940819149795455
4.86946946946947,4.458608741044404,0.10968707449430948
4.95945945945946,4.4703245134278164,0.10996148289581864
5.049449449449449,4.481858144844574,0.1102315670151297
5.13943943943944,4.493215631899807,0.1104974695700438
5.2294294294294295,4.50440267304432,0.11075932619001172
5.31941941941942,4.515424688238292,0.11101726588399874
5.40940940940941,4.526286837010088,0.1112714114661486
5.499399399399399,4.53699403506426,0.11152187995131779
5.58938938938939,4.547550969578522,0.11176878291787151
5.679379379379379,4.5579621133113175,0.11201222684061385
5.76936936936937,4.568231737630162,0.11225231340292563
5.85935935935936,4.578363924558893,0.11248913978004982
5.949349349349349,4.5883625779313935,0.11272279890598913
6.03933933933934,4.598231433730606,0.1129533797178377
6.129329329329329,4.607974069683075,0.11318096738491956
6.21931931931932,4.617593914173582,0.11340564351992377
6.3093093093093096,4.62709425453628,0.11362748637598141
6.399299299299299,4.636478244774675,0.11384657103103457
6.48928928928929,4.645748912757047,0.11406296955800421
6.579279279279279,4.654909166929604,0.11427675118559044
6.66926926926927,4.663961802586189,0.11448798244622616
6.7592592592592595,4.672909507728778,0.11469672731672542
6.849249249249249,4.681754868551311,0.11490304734798773
6.93923923923924,4.690500374574703,0.11510700178776645
7.029229229229229,4.699148423460695,0.11530864769455107
7.11921921921922,4.707701325527072,0.11550804004659554
7.2092092092092095,4.716161307987306,0.11570523184076897
7.299199199199199,4.7245305189343085,0.11590027418962556
7.38918918918919,4.732811031086956,0.11609321640851267
7.479179179179179,4.741004845315142,0.11628410610180051
7.56916916916917,4.749113893960711,0.11647298923988103
7.6591591591591595,4.757140043967088,0.11665991023517375
7.74914914914915,4.765085099830835,0.11684491201208846
7.83913913913914,4.772950806387514,0.11702803607277801
7.929129129129129,4.780738851443366,0.1172093225609725
8.01911911911912,4.78845086826174,0.11738881032041437
8.10910910910911,4.796088437915068,0.11756653695089181
8.199099099099099,4.803653091510316,0.11774253886233144
8.289089089089089,4.811146312296796,0.1179168513231561
8.37907907907908,4.818569537662081,0.11808950851009392
8.46906906906907,4.825924161025763,0.11826054355138194
8.55905905905906,4.833211533634529,0.11842998857081266
8.649049049049049,4.8404329662666745,0.11859787472823502
8.73903903903904,4.847589730850436,0.11876423225688093
8.82902902902903,4.85468306200186,0.11892909050184475
8.91901901901902,4.861714158486773,0.11909247795352051
9.00900900900901,4.868684184611059,0.11925442228230576
9.098998998998999,4.875594271544546,0.11941495036798155
9.18898898898899,4.882445518580468,0.11957408833147731
9.27897897897898,4.889238994335867,0.11973186156348437
9.36896896896897,4.895975737895722,0.11988829475014917
9.45895895895896,4.9026567599032775,0.12004341190087864
9.548948948948949,4.909283043600845,0.1201972363723387
9.63893893893894,4.9158555458227085,0.12034979089222908
9.72892892892893,4.922375197943171,0.12050109758151972
9.81891891891892,4.9288429067823065,0.12065117797676539
9.90890890890891,4.935259555471659,0.12080005305023178
9.998898898898899,4.941626004281141,0.1209477432294408
10.08888888888889,4.947943091410893,0.12109426841714388
10.17887887887888,4.954211633748162,0.12123964800807219
10.26886886886887,4.960432427592203,0.12138390090651363
10.35885885885886,4.966606249348437,0.1215270455437869
10.448848848848849,4.972733856192713,0.12166909989300123
10.53883883883884,4.978815986709235,0.12181008148430283
10.62882882882883,4.984853361500565,0.12195000742021556
10.71881881881882,4.990846683773567,0.12208889438939075
10.80880880880881,4.996796639901596,0.1222267586789254
10.898798798798799,5.002703899962983,0.12236361618898339
10.98878878878879,5.008569118259694,0.1224994824433816
11.07877877877878,5.014392933813379,0.1226343726031276
11.16876876876877,5.020175970843685,0.12276830147632456
11.25875875875876,5.025918839226949,0.1229012835298855
11.348748748748749,5.031622134937352,0.12303333290008034
11.43873873873874,5.037286440471177,0.12316446340222154
11.52872872872873,5.042912325254608,0.12329468854087633
11.61871871871872,5.048500346036519,0.1234240215186384
11.70870870870871,5.054051047266539,0.12355247524589341
11.798698698698699,5.059564961458556,0.12368006234888895
11.88868868868869,5.06504260954115,0.12380679517809146
11.97867867867868,5.070484501195207,0.1239326858166363
12.06866866866867,5.075891135179046,0.12405774608798392
12.15865865865866,5.08126299964192,0.12418198756266641
12.248648648648649,5.086600572426189,0.12430542156713376
12.33863863863864,5.091904321358925,0.12442805918842215
12.42862862862863,5.097174704533104,0.12454991128283677
12.51861861861862,5.1024121705786,0.12467098848176583
12.608608608608609,5.10761715892442,0.12479130119707538
12.698598598598599,5.112790100051445,0.12491085962848203
12.78858858858859,5.117931415735897,0.12502967376880658
12.87857857857858,5.123041519286612,0.1251477534088563
12.96856856856857,5.128120815770943,0.12526510814430303
13.058558558558559,5.1331697022364615,0.12538174738016838
13.148548548548549,5.138188567922834,0.1254976803352177
13.23853853853854,5.143177794468489,0.12561291604759095
13.32852852852853,5.148137756107942,0.12572746338038066
13.41851851851852,5.153068819866144,0.12584133102423856
13.508508508508509,5.157971345743243,0.12595452750376968
13.598498498498499,5.162845686895882,0.1260670611800201
13.68848848848849,5.167692189810174,0.12617894025656806
13.77847847847848,5.172511194472144,0.12629017278137056
13.86846846846847,5.17730303453007,0.12640076665314037
13.958458458458459,5.18206803745338,0.12651072962211085
14.048448448448449,5.186806524685642,0.12662006929764758
14.13843843843844,5.191518811793874,0.12672879314691965
14.22842842842843,5.196205208611602,0.12683690850320772
14.31841841841842,5.200866019379528,0.1269444225654679
14.408408408408409,5.205501542880294,0.1270513424035311
14.498398398398399,5.210112072570058,0.12715767496032182
14.58838838838839,5.214697896705521,0.12726342705586813
14.67837837837838,5.219259298467464,0.1273686053892682
14.76836836836837,5.223796556080887,0.12747321654267108
14.858358358358359,5.228309942931314,0.1275772669821249
14.94834834834835,5.232799727677463,0.12768076306167053
15.03833833833834,5.23726617436075,0.12778371102743602
15.12832832832833,5.241709542512404,0.12788611701545793
15.21831831831832,5.246130087255368,0.12798798705953818
15.308308308308309,5.250528059406398,0.12808932709125642
15.3982982982983,5.254903705572664,0.12819014294047548
15.48828828828829,5.25925726824653,0.12829044034067127
15.57827827827828,5.263588985897643,0.12839022492970198
15.66826826826827,5.267899093062774,0.128489502251945
15.758258258258259,5.272187820432705,0.12858827776023674
15.84824824824825,5.276455394936662,0.12868655681915087
15.93823823823824,5.280702039824189,0.12878434470462707
16.02822822822823,5.284927974746717,0.12888164660792256
16.11821821821822,5.2891334158332555,0.12897846763748877
16.208208208208212,5.29331857576831,0.1290748128178194
16.2981981981982,5.297483663863572,0.12917068709546164
16.38818818818819,5.301628886131075,0.1292660953384468
16.47817817817818,5.305754445352629,0.1293610423370133
16.56816816816817,5.309860541147322,0.12945553280706523
16.658158158158162,5.313947370038407,0.12954957139164147
16.74814814814815,5.318015125516857,0.12964316266088804
16.83813813813814,5.32206399810521,0.1297363111156873
16.92812812812813,5.326094175418211,0.12982902118653872
17.01811811811812,5.3301058422219505,0.12992129723731338
17.108108108108112,5.3340991804920925,0.13001314356532134
17.1980980980981,5.338074369471386,0.13010456440364937
17.28808808808809,5.342031585723072,0.13019556392164588
17.378078078078083,5.345971003186271,0.13028614622573187
17.46806806806807,5.34989279322729,0.13037631536163197
17.558058058058062,5.353797124690946,0.1304660753167024
17.64804804804805,5.357684163950446,0.13055543001739434
17.73803803803804,5.3615540749560875,0.1306443833347517
17.828028028028033,5.365407019282358,0.13073293908180883
17.91801801801802,5.369243156174683,0.13082110101733857
18.008008008008012,5.373062642593231,0.13090887284637098
18.097997997998,5.376865633258547,0.13099625822002992
18.18798798798799,5.380652280693025,0.13108326073794618
18.277977977977983,5.384422735264489,0.13116988394750084
18.36796796796797,5.388177145225078,0.13125613134758307
18.457957957957962,5.391915656752699,0.13134200638691507
18.54794794794795,5.39563841398911,0.13142751246666684
18.63793793793794,5.399345559078964,0.13151265293947478
18.727927927927933,5.403037232205799,0.1315974311128354
18.81791791791792,5.406713571629454,0.13168185024837342
18.907907907907912,5.410374713720579,0.1317659135622451
18.9978978978979,5.414020792995682,0.13184962422693136
19.08788788788789,5.417651942151402,0.1319329853731528
19.177877877877883,5.42126829209684,0.1320160000868782
19.26786786786787,5.4248699719864675,0.13209867141513598
19.357857857857862,5.428457109251398,0.13218100236206798
19.44784784784785,5.432029829630267,0.1322629958925532
19.53783783783784,5.435588257199547,0.13234465493173797
19.627827827827833,5.439132514402909,0.13242598236775383
19.71781781781782,5.4426627220803505,0.1325069810480768
19.807807807807812,5.446178999496269,0.1325876537848547
19.8977977977978,5.449681464366662,0.13266800335283424
19.98778778778779,5.453170232886946,0.13274803249082545
20.077777777777783,5.456645419757411,0.13282774390241237
20.16776776776777,5.46010713820962,0.13290714025698502
20.257757757757762,5.463555500031636,0.13298622418824912
20.34774774774775,5.466990615593085,0.13306499829678398
20.43773773773774,5.4704125938679935,0.13314346515193876
20.527727727727733,5.473821542460168,0.13322162728847342
20.61771771771772,5.477217567625098,0.13329948721016827
20.707707707707712,5.480600774293614,0.1333770473888798
20.7976976976977,5.483971266093265,0.13345431026627796
20.88768768768769,5.487329145370255,0.1335312782539324
20.977677677677683,5.490674513211106,0.13360795373265955
21.06766766766767,5.494007469463114,0.13368433905448107
21.157657657657662,5.4973281127548566,0.13376043654265057
21.24764764764765,5.500636540516349,0.13383624849213493
21.33763763763764,5.503932848998349,0.13391177716947933
21.427627627627633,5.507217133291419,0.13398702481474967
21.51761761761762,5.510489487345201,0.1340619936398424
21.607607607607612,5.513750003986721,0.13413668583079463
21.6975975975976,5.516998774937589,0.13421110354767674
21.78758758758759,5.520235890833232,0.13428524892418814
21.877577577577583,5.523461441238217,0.1343591240694888
21.96756756756757,5.526675514665193,0.13443273106725862
22.057557557557562,5.52987819859013,0.13450607197703945
22.14754754754755,5.533069579469392,0.13457914883346422
22.23753753753754,5.536249742754851,0.13465196364900756
22.327527527527533,5.539418772910917,0.13472451841081678
22.41751751751752,5.542576753428333,0.1347968150851786
22.507507507507512,5.545723766840627,0.13486885561392814
22.5974974974975,5.548859894737915,0.1349406419170478
22.68748748748749,5.5519852177817155,0.13501217589345238
22.777477477477483,5.5550998157192115,0.13508345941909816
22.86746746746747,5.5582037673972,0.13515449434988014
22.957457457457462,5.5612971507754985,0.13522528251992405
23.04744744744745,5.5643800429407015,0.1352958257432446
23.13743743743744,5.567452520118825,0.1353661258133103
23.227427427427433,5.57051465768875,0.13543618450361894
23.31741741741742,5.5735665301951425,0.1355060035671185
23.407407407407412,5.576608211359714,0.13557558473836728
23.4973973973974,5.579639774094229,0.13564492973265008
23.58738738738739,5.582661290512099,0.13571404024669143
23.677377377377383,5.585672831941195,0.13578291795739794
23.76736736736737,5.588674468933782,0.13585156452430347
23.857357357357362,5.591666271279176,0.1359199815886667
23.94734734734735,5.594648308013247,0.13598817077440106
24.03733733733734,5.59762064743128,0.13605613368731007
24.127327327327333,5.600583357097423,0.13612387191631647
24.21731731731732,5.603536503855597,0.13619138703323408
24.307307307307312,5.606480153839517,0.13625868059226764
24.3972972972973,5.609414372483355,0.13632575413284265
24.48728728728729,5.6123392245313,0.13639260917626217
24.577277277277283,5.61525477404687,0.13645924722928093
24.66726726726727,5.618161084423744,0.13652566978192837
24.757257257257262,5.621058218394351,0.1365918783087876
24.84724724724725,5.623946238038832,0.13665787426937648
24.93723723723724,5.626825204795299,0.13672365910779227
25.027227227227232,5.629695179468163,0.13678923425251543
25.11721721721722,5.632556222235891,0.1368546011182552
25.20720720720721,5.635408392661281,0.13691976110500192
25.2971971971972,5.63825174969898,0.1369847155985342
25.38718718718719,5.641086351704921,0.13704946596913992
25.477177177177182,5.643912256442241,0.13711401357532083
25.56716716716717,5.646729521092658,0.13717835975914916
25.65715715715716,5.649538202260487,0.1372425058522273
25.74714714714715,5.652338355984041,0.13730645317012247
25.83713713713714,5.655130037740998,0.13737020301694347
25.927127127127132,5.657913302457008,0.1374337566816788
26.01711711711712,5.660688204512051,0.13749711544356025
26.10710710710711,5.663454797749076,0.13756028056671
26.1970970970971,5.666213135480257,0.13762325330270997
26.28708708708709,5.668963270494271,0.13768603489205855
26.377077077077082,5.671705255062531,0.13774862656260378
26.46706706706707,5.674439140947064,0.13781102953016244
26.55705705705706,5.677164979407667,0.13787324499745424
26.64704704704705,5.6798828212054735,0.13793527415779305
26.73703703703704,5.682592716613365,0.1379971181914259
26.827027027027032,5.685294715419068,0.13805877826759172
26.91701701701702,5.687988866934722,0.1381202555430141
27.00700700700701,5.690675219998842,0.13818155116587505
27.096996996997,5.693353822985787,0.13824266627169823
27.18698698698699,5.696024723810976,0.1383036019847621
27.276976976976982,5.698687969935467,0.13836435941941616
27.36696696696697,5.701343608373881,0.13842493967959335
27.45695695695696,5.703991685697022,0.13848534385878608
27.54694694694695,5.70663224804097,0.13854557303956483
27.63693693693694,5.709265341109689,0.1386056282950241
27.726926926926932,5.711891010182632,0.13866551068748034
27.81691691691692,5.714509300118084,0.13872522127013287
27.90690690690691,5.717120255360437,0.13878476108604954
27.9968968968969,5.719723919943502,0.1388441311684474
28.08688688688689,5.722320337496269,0.13890333254126475
28.176876876876882,5.724909551248482,0.13896236621903224
28.26686686686687,5.727491604035574,0.139021233206865
28.35685685685686,5.730066538302129,0.13907993450039324
28.44684684684685,5.732634396107846,0.13913847108684774
28.53683683683684,5.735195219132248,0.13919684394408627
28.626826826826832,5.7377490486787,0.13925505404098626
28.71681681681682,5.740295925679382,0.1393131023384102
28.80680680680681,5.742835890700481,0.13937098978656692
28.8967967967968,5.745368983943856,0.13942871733051998
28.98678678678679,5.7478952452555525,0.13948628590330792
29.076776776776782,5.750414714126879,0.13954369643169162
29.16676676676677,5.752927429699592,0.13960094983407867
29.25675675675676,5.75543343077001,0.13965804702061924
29.346746746746753,5.757932755793768,0.13971498889242984
29.43673673673674,5.76042544288874,0.1397717763437436
29.526726726726732,5.762911529839913,0.13982841026115267
29.61671671671672,5.765391054103163,0.13988489152216843
29.70670670670671,5.767864052808395,0.13994122099782302
29.796696696696703,5.770330562763562,0.13999739955174473
29.88668668668669,5.772790620460063,0.14005342803900334
29.976676676676682,5.775244262073856,0.14010930730812987
30.06666666666667,5.777691523470682,0.1401650381993953
30.15665665665666,5.780132440209299,0.14022062154769
30.246646646646653,5.782567047545847,0.14027605817774091
30.33663663663664,5.784995380435064,0.1403313489102347
30.426626626626632,5.787417473536126,0.14038649455759344
30.51661661661662,5.789833361214062,0.14044149592532573
30.60660660660661,5.79224307754601,0.1404963538113666
30.696596596596603,5.794646656320622,0.140551069008497
30.78658658658659,5.797044131043647,0.14060564230238537
30.876576576576582,5.799435534941846,0.1406600744707749
30.96656656656657,5.801820900964569,0.14071436628593403
31.05655655655656,5.804200261786065,0.14076851851448247
31.146546546546553,5.806573649811328,0.14082253191500183
31.23653653653654,5.80894109717746,0.14087640724057593
31.326526526526532,5.811302635755579,0.14093014523887604
31.41651651651652,5.813658297156272,0.14098374664968727
31.50650650650651,5.816008112730753,0.14103721220799326
31.596496496496503,5.818352113573708,0.14109054264192622
31.68648648648649,5.820690330527272,0.14114373867444208
31.776476476476482,5.823022794182503,0.14119680102219423
31.86646646646647,5.825349534883019,0.14124973039585953
31.95645645645646,5.8276705827268085,0.1413025275004518
32.04644644644645,5.829985967570736,0.1413551930352046
32.13643643643644,5.832295719030049,0.14140772769462284
32.22642642642643,5.834599866483998,0.14146013216644882
32.31641641641642,5.836898439077448,0.14151240713263036
32.40640640640641,5.839191465722004,0.14156455327121353
32.4963963963964,5.8414789751006575,0.14161657125371718
32.586386386386394,5.843760995669159,0.14166846174610725
32.67637637637638,5.846037555657476,0.14172022541013618
32.76636636636637,5.848308683074813,0.14177186290121746
32.85635635635636,5.850574405708415,0.1418233748702855
32.94634634634635,5.8528347511297545,0.14187476196325388
33.03633633633634,5.855089746694004,0.14192602481992544
33.12632632632633,5.857339419543018,0.14197716407598815
33.21631631631632,5.859583796607996,0.1420281803623631
33.30630630630631,5.861822904611245,0.14207907430490962
33.3962962962963,5.864056770069656,0.14212984652303096
33.486286286286294,5.866285419293956,0.14218049763428553
33.57627627627628,5.868508878394048,0.14223102824899492
33.66626626626627,5.870727173278698,0.14228143897361178
33.75625625625626,5.87294032965944,0.14233173041051117
33.84624624624625,5.87514837305164,0.1423819031562692
33.93623623623624,5.877351328775901,0.1424319578041251
34.02622622622623,5.879549221960973,0.14248189494257435
34.11621621621622,5.881742077546218,0.14253171515427443
34.20620620620621,5.883929920282446,0.14258141901836563
34.2961961961962,5.886112774733815,0.14263100711098886
34.386186186186194,5.888290665280331,0.14268048000175515
34.47617617617618,5.890463616119869,0.14272983825725571
34.56616616616617,5.892631651269268,0.1427790824391364
34.656156156156165,5.894794794566778,0.1428282131055445
34.74614614614615,5.896953069673202,0.14287723080972814
34.83613613613614,5.8991065000742475,0.1429261361015257
34.92612612612613,5.901255109082228,0.14297492952621305
35.01611611611612,5.903398919837614,0.14302361162541644
35.10610610610611,5.905537955310266,0.14307218293588875
35.1960960960961,5.907672238302534,0.14312064399164015
35.286086086086094,5.909801791448706,0.1431689953224975
35.37607607607608,5.911926637219672,0.14321723745257486
35.46606606606607,5.9140467979210785,0.14326537090542057
35.556056056056065,5.916162295697994,0.1433133961980797
35.64604604604605,5.9182731525343355,0.1433613138448102
35.73603603603604,5.920379390255167,0.14340912435613618
35.82602602602603,5.922481030528988,0.14345682823930783
35.91601601601602,5.924578094868542,0.14350442599661317
36.00600600600601,5.926670604632046,0.14355191812796253
36.095995995996,5.92875858102478,0.14359930512945507
36.185985985985994,5.930842045101478,0.14364658749296755
36.27597597597598,5.9329210177666445,0.14369376570740755
36.36596596596597,5.9349955197761926,0.1437408402585154
36.455955955955964,5.9370655717395735,0.14378781162805598
36.54594594594595,5.939131194121075,0.14383468029403002
36.63593593593594,5.941192407239369,0.14388144673241232
36.72592592592593,5.943249231272215,0.1439281114139348
36.81591591591592,5.945301686254365,0.143974674807672
36.90590590590591,5.947349792081307,0.14402113737850186
36.9958958958959,5.949393568509522,0.1440674995886857
37.085885885885894,5.951433035158422,0.14411376189575975
37.17587587587588,5.9534682115104784,0.14415992475590222
37.26586586586587,5.955499116913261,0.1442059886218301
37.355855855855864,5.957525770581662,0.1442519539417324
37.44584584584585,5.959548191597264,0.14429782116235312
37.53583583583584,5.961566398910811,0.14434359072594294
37.62582582582583,5.96358041134263,0.14438926307288025
37.71581581581582,5.965590247585225,0.1444348386397838
37.80580580580581,5.967595926202424,0.14448031786037152
37.8957957957958,5.969597465632223,0.14452570116595975
37.985785785785794,5.971594884186821,0.14457098898405807
38.07577577577578,5.9735882000554215,0.14461618174021762
38.16576576576577,5.9755774313034795,0.14466127985559485
38.255755755755764,5.977562595874217,0.14470628375016137
38.34574574574575,5.979543711590589,0.14475119384066115
38.43573573573574,5.981520796156306,0.14479601053994973
38.52572572572573,5.983493867155347,0.14484073425895527
38.61571571571572,5.985462942055029,0.1448853654066964
38.70570570570571,5.987428038206371,0.14492990438752962
38.7956956956957,5.989389172844441,0.14497435160435312
38.885685685685694,5.991346363089796,0.14501870745738188
38.97567567567568,5.993299625950385,0.14506297234325416
39.06566566566567,5.995248978321155,0.1451071466573035
39.155655655655664,5.997194436986028,0.14515123079113224
39.24564564564565,5.9991360186182145,0.1451952251348576
39.33563563563564,6.001073739781999,0.14523913007463118
39.42562562562563,6.003007616933099,0.14528294599479885
39.51561561561562,6.004937666419695,0.14532667327749493
39.60560560560561,6.006863904483029,0.14537031230225317
39.6955955955956,6.008786347259813,0.1454138634450297
39.78558558558559,6.010705010781034,0.14545732708080195
39.87557557557558,6.0126199109745295,0.1455007035820337
39.96556556556557,6.014531063664944,0.14554399331747891
40.055555555555564,6.0164384845752155,0.14558719665457343
40.14554554554555,6.018342189327464,0.14563031395765869
40.23553553553554,6.020242193442675,0.14567334558975809
40.32552552552553,6.022138512344045,0.14571629191047109
40.41551551551552,6.024031161354612,0.1457591532776572
40.50550550550551,6.025920155700806,0.14580193004698838
40.5954954954955,6.027805510512105,0.14584462257159547
40.68548548548549,6.029687240822004,0.1458872312022903
40.77547547547548,6.031565361568176,0.14592975628846538
40.86546546546547,6.033439887595397,0.14597219817586282
40.955455455455464,6.0353108336536625,0.14601455720879208
41.04544544544545,6.037178214401226,0.14605683372956246
41.13543543543544,6.039042044403345,0.1460990280780079
41.22542542542543,6.040902338134155,0.1461411405930333
41.31541541541542,6.042759109978586,0.14618317160885042
41.40540540540541,6.044612374231265,0.14622512145979272
41.4953953953954,6.046462145097162,0.14626699047760372
41.58538538538539,6.048308436694511,0.14630877899066874
41.67537537537538,6.050151263052333,0.14635048732831102
41.76536536536537,6.051990638114508,0.14639211581460643
41.855355355355364,6.05382657573902,0.14643366477269737
41.94534534534535,6.05565908969726,0.1464751345246853
42.03533533533534,6.057488193677341,0.1465165253897185
42.12532532532533,6.059313901282823,0.14655783768480735
42.21531531531532,6.061136226033903,0.1465990717263237
42.30530530530531,6.062955181369598,0.14664022782673847
42.3952952952953,6.064770780645691,0.14668130629818155
42.48528528528529,6.066583037137417,0.1467223074504478
42.57527527527528,6.068391964039365,0.1467632315918479
42.66526526526527,6.0701975744672785,0.14680407902703774
42.755255255255264,6.071999881456245,0.14684485006099823
42.84524524524525,6.073798897963886,0.14688554499567896
42.93523523523524,6.075594636869145,0.14692616413207205
43.02522522522523,6.077387110974077,0.14696670776859921
43.11521521521522,6.079176333005777,0.1470071762012184
43.20520520520521,6.080962315612193,0.14704756972563882
43.2951951951952,6.082745071367466,0.14708788863613442
43.38518518518519,6.084524612772443,0.14712813322198937
43.47517517517518,6.0863009522508005,0.14716830377467183
43.56516516516517,6.0880741021539,0.14720840058265505
43.655155155155164,6.089844074762156,0.14724842393015525
43.74514514514515,6.091610882279919,0.14728837410377427
43.83513513513514,6.09337453684293,0.14732825138515615
43.92512512512513,6.095135050512673,0.14736805605697878
44.01511511511512,6.096892435282406,0.14740778839736368
44.10510510510511,6.098646703074197,0.14744744868563764
44.1950950950951,6.1003978657396125,0.1474870371976147
44.28508508508509,6.102145935062832,0.14752655420845162
44.37507507507508,6.103890922759817,0.14756599998953135
44.46506506506507,6.105632840476208,0.14760537481407443
44.555055055055064,6.107371699791523,0.14764467895192634
44.64504504504505,6.109107512218403,0.14768391267144132
44.73503503503504,6.1108402892027955,0.14772307623945302
44.82502502502503,6.1125700421257365,0.14776216992050983
44.91501501501502,6.114296782301838,0.14780119397887148
45.00500500500501,6.11602052097991,0.14784014867759332
45.094994994995,6.117741269347568,0.14787903427582183
45.18498498498499,6.119459038525911,0.14791785103333233
45.27497497497498,6.1211738395722834,0.14795659920895687
45.36496496496497,6.122885683482797,0.14799527905809295
45.454954954954964,6.124594581191145,0.14803389083447716
45.54494494494495,6.126300543567673,0.14807243479348653
45.63493493493494,6.128003581420969,0.14811091118691078
45.72492492492493,6.129703705502116,0.14814932026339012
45.81491491491492,6.131400926497665,0.14818766227321856
45.90490490490491,6.133095255036073,0.1482259374640007
45.9948948948949,6.134786701684654,0.14826414608264926
46.08488488488489,6.136475276954355,0.14830228837256243
46.17487487487488,6.138160991294496,0.14834036457842537
46.26486486486487,6.139843855098163,0.14837837494135275
46.354854854854864,6.141523878697783,0.14841631970376135
46.44484484484485,6.143201072372146,0.14845419910420432
46.53483483483484,6.144875446341009,0.1484920133800136
46.624824824824834,6.146547010767456,0.14852976276878582
46.71481481481482,6.148215775758471,0.14856744750587758
46.80480480480481,6.1498817513661,0.14860506782565697
46.8947947947948,6.151544947585591,0.1486426239609724
46.98478478478479,6.1532053743597865,0.14868011614222176
47.07477477477478,6.154863041573492,0.14871754460220465
47.16476476476477,6.1565179590611985,0.1487549095676508
47.254754754754764,6.158170136601625,0.14879221126706543
47.34474474474475,6.159819583920322,0.14882944992687364
47.43473473473474,6.161466310689303,0.14886662577336374
47.524724724724734,6.163110326529922,0.14890373902937792
47.61471471471472,6.164751641009772,0.14894078991873805
47.70470470470471,6.166390263646007,0.14897777866201078
47.7946946946947,6.168026203902736,0.14901470548079043
47.88468468468469,6.16965947119508,0.1490515705930724
47.97467467467468,6.171290074885426,0.14908837421797116
48.06466466466467,6.172918024287084,0.149125116572411
48.154654654654664,6.174543328664234,0.14916179787063033
48.24464464464465,6.176165997229625,0.14919841832857905
48.33463463463464,6.1777860391483514,0.14923497815888798
48.424624624624634,6.179403463534443,0.14927147757600867
48.51461461461462,6.181018279457838,0.1493079167873992
48.60460460460461,6.182630495936518,0.1493442960048741
48.6945945945946,6.184240121940539,0.14938061543778502
48.78458458458459,6.185847166393948,0.1494168752943379
48.87457457457458,6.187451638175838,0.1494530757788075
48.96456456456457,6.189053546112791,0.149489217099533
49.054554554554564,6.19065289899097,0.14952529945878723
49.14454454454455,6.192249705545933,0.1495613230616719
49.23453453453454,6.193843974469636,0.14959728811003004
49.324524524524534,6.195435714409594,0.14963319480358983
49.41451451451452,6.197024933965355,0.149669043344419
49.50450450450451,6.198611641693272,0.1497048339308229
49.5944944944945,6.200195846104681,0.14974056676170378
49.68448448448449,6.201777555667406,0.14977624203351336
49.77447447447448,6.203356778804903,0.14981185994245472
49.86446446446447,6.204933523897434,0.14984742068326895
49.95445445445446,6.206507799280467,0.14988292445080997
50.04444444444445,6.208079613248974,0.14991837143695363
50.13443443443444,6.209648974053591,0.1499537618340554
50.224424424424434,6.211215889902184,0.14998909583379838
50.31441441441442,6.212780368961319,0.15002437362636467
50.40440440440441,6.214342419356848,0.1500595953994397
50.4943943943944,6.2159020491706745,0.1500947613423289
50.58438438438439,6.217459266445219,0.1501298716416528
50.67437437437438,6.219014079182339,0.15016492648306023
50.76436436436437,6.22056649534031,0.1501999260531548
50.85435435435436,6.222116522840057,0.15023487053595108
50.94434434434435,6.223664169562085,0.1502697601132299
51.03433433433434,6.225209443345676,0.15030459496908666
51.124324324324334,6.226752351990473,0.1503393752847959
51.21431431431432,6.228292903259261,0.15037410123919592
51.30430430430431,6.229831104871813,0.15040877301533584
51.3942942942943,6.231366964514054,0.1504433907881264
51.48428428428429,6.232900489829114,0.15047795473792913
51.57427427427428,6.234431688423872,0.15051246504092042
51.66426426426427,6.235960567867291,0.15054692187252527
51.75425425425426,6.237487135689517,0.1505813254088073
51.84424424424425,6.2390113993840215,0.15061567582411417
51.93423423423424,6.2405333664067815,0.15064997329168772
52.024224224224234,6.242053044177476,0.15068421798387988
52.11421421421422,6.243570440078642,0.15071841007173692
52.20420420420421,6.245085561454575,0.15075254972807883
52.2941941941942,6.246598415616724,0.1507866371213149
52.38418418418419,6.248109009837911,0.15082067242099573
52.47417417417418,6.249617351356085,0.15085465579535295
52.56416416416417,6.251123447374204,0.15088858741140232
52.65415415415416,6.25262730505844,0.15092246743688076
52.74414414414415,6.254128931541107,0.15095629603742644
52.83413413413414,6.255628333919139,0.15099007337742076
52.924124124124134,6.257125519255549,0.15102379962162082
53.01411411411412,6.258620494578211,0.15105747493328803
53.10410410410411,6.260113266881383,0.15109109947518284
53.1940940940941,6.261603843125504,0.1511246734083853
53.28408408408409,6.263092230235696,0.1511581968955067
53.37407407407408,6.26457843510605,0.15119167009536572
53.46406406406407,6.266062464595702,0.1512250931681587
53.55405405405406,6.267544325532141,0.15125846627180994
53.64404404404405,6.2690240247074245,0.15129178956548994
53.73403403403404,6.270501568884425,0.15132506320555716
53.824024024024034,6.2719769647910635,0.1513582873484216
53.91401401401402,6.27345021912305,0.15139146215101018
54.00400400400401,6.274921338547593,0.1514245877654119
54.093993993994,6.2763903296936,0.1514576643497234
54.18398398398399,6.277857199165801,0.1514906920536241
54.27397397397398,6.279321953531922,0.15152367103179465
54.36396396396397,6.280784599331238,0.15155660143599725
54.45395395395396,6.282245143071439,0.1515894834171574
54.54394394394395,6.283703591229187,0.15162231712592167
54.63393393393394,6.285159950250454,0.15165510271252725
54.723923923923934,6.28661422655142,0.15168784032539318
54.81391391391392,6.288066426516891,0.15172053011452036
54.90390390390391,6.28951655650414,0.15175317222496076
54.9938938938939,6.290964622837729,0.15178576680598077
55.08388388388389,6.292410631814134,0.15181831400306844
55.17387387387388,6.293854589700876,0.15185081396116829
55.26386386386387,6.295296502733648,0.15188326682648334
55.35385385385386,6.296736377122677,0.15191567274247042
55.44384384384385,6.29817421904607,0.15194803185312544
55.53383383383384,6.299610034655899,0.15198034430109875
55.623823823823834,6.301043830073347,0.1520126102288284
55.71381381381382,6.302475611392834,0.15204482977802414
55.80380380380381,6.303905384679997,0.15207700308925087
55.8937937937938,6.305333155972526,0.15210913030307704
55.98378378378379,6.306758931280529,0.152141211559214
56.07377377377378,6.308182716585928,0.15217324699637125
56.16376376376377,6.309604517844873,0.15220523675185493
56.25375375375376,6.311024340982134,0.15223718096595817
56.34374374374375,6.312442191900121,0.15226907977392568
56.43373373373374,6.313858076471905,0.1523009333118388
56.523723723723734,6.31527200054315,0.15233274171701705
56.61371371371372,6.3166839699349415,0.15236450512331334
56.70370370370371,6.318093990438983,0.15239622366663053
56.7936936936937,6.319502067824084,0.15242789747942087
56.88368368368369,6.320908207830641,0.15245952669566254
56.97367367367368,6.322312416173482,0.15249111144807692
57.06366366366367,6.323714698540877,0.15252265186971758
57.15365365365366,6.3251150605968585,0.15255414809125245
57.24364364364365,6.326513507979984,0.15258560024303858
57.33363363363364,6.327910046302221,0.15261700845593218
57.423623623623634,6.329304681149529,0.15264837286109234
57.51361361361362,6.330697418086453,0.1526796935852035
57.60360360360361,6.332088262648634,0.1527109707589105
57.6935935935936,6.333477220350022,0.1527422045080451
57.78358358358359,6.334864296676665,0.15277339496238618
57.87357357357358,6.336249497093237,0.15280454224790851
57.96356356356357,6.337632827038142,0.15283564649103365
58.05355355355356,6.339014291926895,0.15286670781698408
58.14354354354355,6.340393897150928,0.15289772635090237
58.23353353353354,6.341771648076411,0.15292870221779875
58.323523523523534,6.343147550046869,0.15295963554168956
58.41351351351352,6.344521608381411,0.15299052644634514
58.50350350350351,6.345893828376996,0.15302137505478441
58.593493493493504,6.34726421530715,0.15305218148805988
58.68348348348349,6.348632774420009,0.15308294586999338
58.77347347347348,6.3499995109433485,0.15311366832077855
58.86346346346347,6.351364430080378,0.1531443489614679
58.95345345345346,6.352727537012618,0.15317498791211204
59.04344344344345,6.354088836898125,0.15320558529255646
59.13343343343344,6.355448334872572,0.15323614122249563
59.223423423423434,6.35680603604932,0.1532666558205369
59.31341341341342,6.3581619455202985,0.1532971292042289
59.40340340340341,6.359516068354072,0.15332756149156435
59.493393393393404,6.360868409597839,0.1533579527995652
59.58338338338339,6.362218974276604,0.15338830324546837
59.67337337337338,6.363567767394106,0.15341861294523884
59.76336336336337,6.364914793932993,0.1534488820131985
59.85335335335336,6.366260058852283,0.15347911056636043
59.94334334334335,6.367603567092781,0.1535092987178155
60.03333333333334,6.3689453235705535,0.1535394465833546
60.12332332332333,6.370285333183679,0.153569554275081
60.21331331331332,6.371623600807287,0.15359962190672238
60.30330330330331,6.3729601312966375,0.153629649590993
60.393293293293304,6.374294929486093,0.1536596374400938
60.48328328328329,6.375628000188083,0.15368958556617063
60.57327327327328,6.376959348198085,0.1537194940782598
60.66326326326327,6.3782889782856005,0.15374936309076315
60.75325325325326,6.379616895205815,0.15377919271065021
60.84324324324325,6.380943103688859,0.15380898304957213
60.93323323323324,6.382267608448488,0.15383873421630234
61.02322322322323,6.383590414176021,0.15386844631986474
61.11321321321322,6.384911525544466,0.1538981194678941
61.20320320320321,6.386230947205857,0.15392775377021017
61.293193193193204,6.3875486837940185,0.15395734933254523
61.38318318318319,6.388864739923584,0.15398690626147804
61.47317317317318,6.390179120186779,0.1540164246660627
61.56316316316317,6.391491829160066,0.15404590465051982
61.65315315315316,6.392802871399218,0.1540753463208313
61.74314314314315,6.394112251440816,0.15410474978280497
61.83313313313314,6.395419973803886,0.15413411513974573
61.92312312312313,6.396726042985764,0.1541634424981675
62.01311311311312,6.398030463468464,0.15419273196040173
62.10310310310311,6.399333239713045,0.15422198363056783
62.193093093093104,6.400634376162898,0.15425119761193873
62.28308308308309,6.401933877242733,0.15428037400695338
62.37307307307308,6.4032317473597775,0.1543095129173464
62.46306306306307,6.404527990901993,0.15433861444524233
62.55305305305306,6.4058226122396835,0.15436767869200363
62.64304304304305,6.407115615725152,0.15439670575899278
62.73303303303304,6.408407005692604,0.15442569574609966
62.82302302302303,6.409696786458557,0.1544546487542311
62.91301301301302,6.410984962322667,0.15448356488177684
63.00300300300301,6.412271537565244,0.15451244422933286
63.092992992993004,6.413556516450601,0.1545412868950864
63.18298298298299,6.414839903224996,0.1545700929776741
63.27297297297298,6.416121702118205,0.15459886257455313
63.36296296296297,6.417401917340324,0.1546275957843255
63.45295295295296,6.418680553087303,0.1546562927039572
63.54294294294295,6.4199576135369805,0.154684953429725
63.63293293293294,6.421233102848938,0.15471357805934094
63.72292292292293,6.422507025168029,0.15474216668786145
63.81291291291292,6.423779384620602,0.154770719411653
63.90290290290291,6.425050185317928,0.1547992363254025
63.992892892892904,6.426319431353608,0.15482771752401359
64.08288288288288,6.42758712680462,0.1548561631027745
64.17287287287287,6.42885327573239,0.15488457315524773
64.26286286286286,6.430117882181368,0.15491294777513165
64.35285285285285,6.431380950180688,0.15494128705568144
64.44284284284285,6.432642483741501,0.15496959109080333
64.53283283283284,6.433902486861083,0.15499785997247617
64.62282282282283,6.4351609635196905,0.15502609379263976
64.71281281281281,6.436417917681359,0.15505429264361137
64.8028028028028,6.437673353295121,0.15508245661739206
64.89279279279279,6.438927274294127,0.1551105858038362
64.98278278278278,6.440179684594775,0.1551386802956385
65.07277277277278,6.441430588100303,0.15516674018146137
65.16276276276277,6.442679988696088,0.15519476555229605
65.25275275275276,6.44392789025336,0.1552227564980413
65.34274274274274,6.445174296628066,0.15525071310739857
65.43273273273273,6.446419211661634,0.15527863546917597
65.52272272272272,6.447662639177172,0.15530652367318343
65.6127127127127,6.448904582987866,0.15533437780579984
65.70270270270271,6.4501450468862345,0.15536219795802353
65.7926926926927,6.451384034655418,0.15538998421436556
65.88268268268268,6.452621550059028,0.1554177366644245
65.97267267267267,6.453857596848792,0.1554454553939717
66.06266266266266,6.455092178762401,0.15547314048864536
66.15265265265265,6.45632529951988,0.15550079203642042
66.24264264264265,6.457556962829049,0.1555284101226766
66.33263263263264,6.45878717238256,0.15555599483289395
66.42262262262263,6.460015931859405,0.1555835462523536
66.51261261261261,6.461243244923758,0.15561106446534456
66.6026026026026,6.462469115225199,0.1556385495574828
66.69259259259259,6.463693546399805,0.15566600161245248
66.78258258258258,6.46491654206913,0.15569342071434278
66.87257257257258,6.46613810584233,0.15572080694613177
66.96256256256257,6.4673582413120725,0.15574816039219996
67.05255255255256,6.468576952059524,0.1557754811338432
67.14254254254254,6.469794241650062,0.15580276925543401
67.23253253253253,6.47101011363736,0.15583002483804975
67.32252252252252,6.472224571559396,0.15585724796510014
67.4125125125125,6.473437618942594,0.15588443871683122
67.50250250250251,6.474649259298983,0.15591159717497405
67.5924924924925,6.475859496126596,0.1559387234214542
67.68248248248248,6.4770683329119825,0.15596581753548655
67.77247247247247,6.4782757731263025,0.15599287959821506
67.86246246246246,6.479481820229171,0.15601990968927648
67.95245245245245,6.48068647766455,0.1560469078905271
68.04244244244245,6.481889748866805,0.15607387427917363
68.13243243243244,6.4830916372560035,0.15610080893430744
68.22242242242243,6.484292146237059,0.156127711937053
68.31241241241241,6.485491279205172,0.15615458336387178
68.4024024024024,6.486689039540746,0.1561814232944725
68.49239239239239,6.487885430612474,0.15620823180602095
68.58238238238238,6.489080455775128,0.15623500897719733
68.67237237237238,6.49027411837345,0.15626175488380856
68.76236236236237,6.491466421737066,0.15628846960404452
68.85235235235236,6.492657369183363,0.15631515321512346
68.94234234234234,6.493846964018904,0.15634180579247836
69.03233233233233,6.495035209536711,0.15636842741300505
69.12232232232232,6.4962221090169505,0.15639501815318724
69.21231231231232,6.497407665730015,0.15642157808733081
69.30230230230231,6.49859188293039,0.15644810729261582
69.3922922922923,6.499774763864449,0.1564746058425026
69.48228228228228,6.5009563117632485,0.1565010738124224
69.57227227227227,6.502136529847605,0.15652751127755238
69.66226226226226,6.503315421326561,0.1565539183113982
69.75225225225225,6.504492989395558,0.1565802949884647
69.84224224224225,6.505669237241082,0.15660664138167224
69.93223223223224,6.506844168033849,0.15663295756611895
70.02222222222223,6.5080177849371506,0.15665924361377837
70.11221221221221,6.509190091099848,0.15668549959770406
70.2022022022022,6.510361089660999,0.1567117255897701
70.29219219219219,6.511530783745765,0.15673792166449108
70.38218218218218,6.512699176471061,0.15676408789155172
70.47217217217218,6.5138662709392765,0.15679022434458822
70.56216216216217,6.515032070243667,0.15681633109371873
70.65215215215215,6.516196577463608,0.15684240821282014
70.74214214214214,6.517359795671701,0.15686845576979014
70.83213213213213,6.518521727925148,0.15689447383690514
70.92212212212212,6.519682377270719,0.1569204624857985
71.01211211211212,6.520841746746889,0.15694642178447538
71.10210210210211,6.521999839377835,0.15697235180416858
71.1920920920921,6.523156658178094,0.15699825261526978
71.28208208208208,6.524312206152109,0.1570241242855248
71.37207207207207,6.525466486291055,0.157049966886464
71.46206206206206,6.526619501578172,0.15707578048557824
71.55205205205205,6.527771254984905,0.1571015651514518
71.64204204204205,6.52892174947021,0.15712732095428183
71.73203203203204,6.530070987985627,0.1571530479598735
71.82202202202203,6.5312189734697155,0.15717874623778716
71.91201201201201,6.532365708850882,0.1572044158559116
72.002002002002,6.533511197047301,0.15723005688149172
72.09199199199199,6.534655440966729,0.15725566938211788
72.18198198198198,6.535798443507727,0.15728125342335364
72.27197197197198,6.536940207555168,0.15730680907460215
72.36196196196197,6.5380807359875694,0.15733233639983002
72.45195195195195,6.539220031671636,0.15735783546573234
72.54194194194194,6.540358097461304,0.1573833063410719
72.63193193193193,6.541494936204477,0.15740874908901414
72.72192192192192,6.542630550737508,0.15743416377565111
72.81191191191192,6.543764943885508,0.15745955046689986
72.90190190190191,6.544898118464958,0.15748490922734515
72.9918918918919,6.546030077282082,0.1575102401220514
73.08188188188188,6.547160823131991,0.15753554321656438
73.17187187187187,6.548290358801153,0.15756081857482673
73.26186186186186,6.549418687066936,0.15758606626033966
73.35185185185185,6.550545810695194,0.15761128633819954
73.44184184184185,6.551671732444473,0.1576364788703577
73.53183183183184,6.552796455059521,0.15766164392295856
73.62182182182183,6.553919981279095,0.15768678155810445
73.71181181181181,6.555042313832809,0.15771189183765433
73.8018018018018,6.556163455436868,0.15773697482659
73.89179179179179,6.557283408800633,0.157762030587544
73.98178178178178,6.558402176625918,0.1577870591804169
74.07177177177178,6.559519761600892,0.15781206066973663
74.16176176176177,6.5606361664059865,0.15783703511768632
74.25175175175175,6.561751393714401,0.15786198258466566
74.34174174174174,6.562865446188182,0.15788690313199627
74.43173173173173,6.5639783264793365,0.15791179682221568
74.52172172172172,6.5650900372315,0.15793666371720683
74.61171171171172,6.56620058108058,0.15796150387574315
74.70170170170171,6.567309960651551,0.15798631736013125
74.7916916916917,6.568418178560666,0.15801110423042175
74.88168168168168,6.569525237416217,0.15803586454666174
74.97167167167167,6.5706311398158554,0.15806059836952802
75.06166166166166,6.5717358883502195,0.1580853057578233
75.15165165165165,6.572839485598511,0.1581099867731952
75.24164164164165,6.573941934134582,0.15813464147273226
75.33163163163164,6.575043236519453,0.1581592699177321
75.42162162162163,6.5761433953092965,0.158183872165508
75.51161161161161,6.577242413048055,0.15820844827628822
75.6016016016016,6.5783402922736975,0.15823299830818893
75.69159159159159,6.579437035514265,0.15825752231957235
75.78158158158158,6.580532645289328,0.15828202036861239
75.87157157157158,6.58162712410941,0.15830649251402917
75.96156156156157,6.582720474477774,0.1583309388129921
76.05155155155155,6.583812698887474,0.15835535932424527
76.14154154154154,6.584903799825544,0.15837975410338778
76.23153153153153,6.58599377976769,0.15840412320921882
76.32152152152152,6.587082641184241,0.15842846669759592
76.41151151151152,6.588170386533917,0.1584527846272863
76.50150150150151,6.589257018270275,0.1584770770531989
76.5914914914915,6.590342538836625,0.15850134403219585
76.68148148148148,6.59142695066883,0.15852558562118269
76.77147147147147,6.59251025619345,0.15854980187661294
76.86146146146146,6.593592457831151,0.15857399285317797
76.95145145145145,6.594673557993163,0.15859815860652304
77.04144144144145,6.595753559081386,0.15862229919371806
77.13143143143144,6.5968324634920625,0.15864641466896412
77.22142142142143,6.597910273611826,0.15867050508792424
77.31141141141141,6.598986991819602,0.15869457050529334
77.4014014014014,6.60006262048752,0.15871861097589957
77.49139139139139,6.601137161977168,0.15874262655498494
77.58138138138138,6.602210618646532,0.15876661729535346
77.67137137137138,6.603282992839809,0.15879058325451645
77.76136136136137,6.604354286901134,0.15881452448222078
77.85135135135135,6.60542450315936,0.15883844103514644
77.94134134134134,6.606493643939966,0.15886233296645802
78.03133133133133,6.607561711559798,0.15888620032957146
78.12132132132132,6.608628708326486,0.1589100431789836
78.21131131131132,6.609694636542688,0.1589338615663891
78.30130130130131,6.610759498502475,0.15895765554499697
78.3912912912913,6.611823296491665,0.15898142516812364
78.48128128128128,6.612886032790176,0.15900517048666885
78.57127127127127,6.613947709665988,0.1590288915572451
78.66126126126126,6.61500832938763,0.15905258842712566
78.75125125125125,6.616067894207661,0.15907626115197093
78.84124124124125,6.617126406375924,0.15909990978318156
78.93123123123124,6.618183868136022,0.15912353437121318
79.02122122122123,6.619240281719486,0.15914713496948973
79.11121121121121,6.620295649354617,0.1591707116286445
79.2012012012012,6.621349973263005,0.1591942643986206
79.29119119119119,6.622403255654272,0.15921779333274877
79.38118118118118,6.623455498736318,0.15924129848016566
79.47117117117118,6.624506704705972,0.15926477989267163
79.56116116116117,6.625556875754755,0.15928823762064237
79.65115115115115,6.626606014065108,0.15931167171618466
79.74114114114114,6.627654121816204,0.1593350822271189
79.83113113113113,6.628701201178577,0.15935846920272922
79.92112112112112,6.629747254313336,0.15938183269554784
80.01111111111112,6.6307922833759525,0.159405172755422
80.10110110110111,6.631836290516555,0.15942848943033816
80.1910910910911,6.63287927787536,0.15945178277255412
80.28108108108108,6.633921247591021,0.15947505282721863
80.37107107107107,6.634962201790337,0.15949829964541973
80.46106106106106,6.63600214259352,0.1595215232773297
80.55105105105105,6.637041072115363,0.15954472377157458
80.64104104104105,6.638078992466708,0.15956790117394526
80.73103103103104,6.639115905744108,0.15959105553817565
80.82102102102102,6.640151814045835,0.15961418690833007
80.91101101101101,6.6411867194587595,0.159637295333388
81.001001001001,6.642220624064064,0.159660380862082
81.09099099099099,6.643253529935462,0.1596834435426464
81.18098098098099,6.644285439141789,0.15970648342189975
81.27097097097098,6.645316353744161,0.15972950054808877
81.36096096096097,6.646346275796327,0.1597524949696183
81.45095095095095,6.647375207349544,0.15977546673092569
81.54094094094094,6.648403150442354,0.15979841588180044
81.63093093093093,6.649430107111984,0.15982134246857171
81.72092092092092,6.650456079387271,0.15984424653777207
81.81091091091092,6.65148106928909,0.15986712813767312
81.90090090090091,6.652505078836888,0.1598899873112476
81.9908908908909,6.653528110037689,0.15991282410846885
82.08088088088088,6.654550164896069,0.15993563857401494
82.17087087087087,6.655571245408887,0.15995843075491667
82.26086086086086,6.656591353568696,0.15998120069513178
82.35085085085085,6.657610491358984,0.16000394844195132
82.44084084084085,6.658628660757818,0.1600266740416183
82.53083083083084,6.659645863738172,0.16004937753871307
82.62082082082082,6.660662102266243,0.1600720589788267
82.71081081081081,6.6616773783027465,0.16009471840643386
82.8008008008008,6.662691693800068,0.16011735586862752
82.89079079079079,6.663705050706927,0.16013997140907232
82.98078078078079,6.6647174509639875,0.16016256507405568
83.07077077077078,6.665728896509921,0.16018513690501734
83.16076076076077,6.666739389273014,0.1602076869480893
83.25075075075075,6.667748931174835,0.16023021525030234
83.34074074074074,6.6687575241364225,0.16025272185258999
83.43073073073073,6.66976517006759,0.16027520680060103
83.52072072072072,6.6707718708756385,0.16029767013785445
83.61071071071072,6.671777628459959,0.16032011190834972
83.70070070070071,6.672782444716121,0.16034253215488548
83.7906906906907,6.673786321531155,0.16036493092195503
83.88068068068068,6.674789260786674,0.16038730825470982
83.97067067067067,6.675791264363243,0.16040966419212577
84.06066066066066,6.676792334127149,0.16043199878242387
84.15065065065065,6.677792471947481,0.16045431206481542
84.24064064064065,6.678791679680959,0.1604766040853578
84.33063063063064,6.679789959184957,0.16049887488318237
84.42062062062062,6.680787312304526,0.16052112450415823
84.51061061061061,6.681783740883751,0.16054335298955635
84.6006006006006,6.682779246759602,0.16056556038135206
84.69059059059059,6.683773831763361,0.1605877467226584
84.78058058058059,6.684767497721187,0.16060991205470376
84.87057057057058,6.6857602464531665,0.16063205641985423
84.96056056056057,6.686752079772559,0.1606541798615293
85.05055055055055,6.687742999490524,0.1606762824193826
85.14054054054054,6.6887330074115185,0.16069836413459004
85.23053053053053,6.689722105330703,0.16072042505168316
85.32052052052052,6.690710295044654,0.1607424652083287
85.41051051051052,6.69169757833586,0.1607644846507137
85.50050050050051,6.692683956991381,0.16078648341503143
85.5904904904905,6.693669432786939,0.16080846154319595
85.68048048048048,6.694654007492933,0.16083041907673934
85.77047047047047,6.695637682874149,0.16085235605841497
85.86046046046046,6.69662046069272,0.16087427252657793
85.95045045045045,6.697602342702921,0.1608961685230783
86.04044044044045,6.698583330658266,0.1609180440852498
86.13043043043044,6.699563426299115,0.16093989925721974
86.22042042042042,6.700542631366986,0.16096173407821812
86.31041041041041,6.701520947598028,0.16098354858578023
86.4004004004004,6.702498376719108,0.16100534282270296
86.49039039039039,6.703474920455591,0.16102711682744353
86.58038038038039,6.7044505805273245,0.16104887063881623
86.67037037037038,6.7054253586456625,0.1610706042987644
86.76036036036037,6.70639925652076,0.16109231784530387
86.85035035035035,6.707372275856855,0.1611140113179097
86.94034034034034,6.708344418352199,0.16113568475501694
87.03033033033033,6.7093156857009575,0.16115733819580846
87.12032032032032,6.7102860795901655,0.16117897168090334
87.21031031031032,6.711255601705235,0.16120058524698333
87.30030030030031,6.7122242537229795,0.1612221789348638
87.3902902902903,6.7131920373186444,0.16124375278151337
87.48028028028028,6.71415895415912,0.1612653068271781
87.57027027027027,6.715125005911388,0.16128684110707514
87.66026026026026,6.716090194232627,0.1613083556615127
87.75025025025025,6.717054520775548,0.16132985052971094
87.84024024024025,6.718017987189917,0.16135132574884725
87.93023023023024,6.718980595122346,0.1613727813550314
88.02022022022022,6.719942346209307,0.1613942173889038
88.11021021021021,6.7209032420866315,0.16141563388757607
88.2002002002002,6.721863284385358,0.16143703088662775
88.29019019019019,6.722822474730863,0.16145840842433756
88.38018018018019,6.72378081474026,0.1614797665404426
88.47017017017018,6.72473830603288,0.16150110526931005
88.56016016016017,6.725694950217198,0.16152242465014943
88.65015015015015,6.72665074890236,0.16154372471731726
88.74014014014014,6.727605703688079,0.16156500550979125
88.83013013013013,6.728559816170655,0.1615862670650836
88.92012012012012,6.729513087944904,0.16160750941773028
89.01011011011012,6.730465520594954,0.16162873260724808
89.10010010010011,6.73141711570903,0.1616499366656141
89.1900900900901,6.73236787486001,0.16167112163446706
89.28008008008008,6.733317799624865,0.16169228754751863
89.37007007007007,6.734266891573934,0.1617134344402249
89.46006006006006,6.7352151522710475,0.16173456234923922
89.55005005005005,6.736162583275377,0.161755671312096
89.64004004004005,6.7371091861451715,0.16177676136198293
89.73003003003004,6.738054962430283,0.16179783253695312
89.82002002002002,6.738999913677168,0.16181888487288987
89.91001001001001,6.739944041430633,0.1618399184029835
90.0,6.740887347226969,0.16186093316458994
