day_centers,livetime_efficiency_crystal2,counts_crystal2,event_rate_crystal2,event_rate_error_crystal2,livetime_efficiency_crystal3,counts_crystal3,event_rate_crystal3,event_rate_error_crystal3,livetime_efficiency_crystal4,counts_crystal4,event_rate_crystal4,event_rate_error_crystal4,livetime_efficiency_crystal6,counts_crystal6,event_rate_crystal6,event_rate_error_crystal6,livetime_efficiency_crystal7,counts_crystal7,event_rate_crystal7,event_rate_error_crystal7,residual_crystal2,residual_error_crystal2,residual_crystal3,residual_error_crystal3,residual_crystal4,residual_error_crystal4,residual_crystal6,residual_error_crystal6,residual_crystal7,residual_error_crystal7,mean_residual,mean_residual_error
292.5,0.0,0.0,,,0.40002700617283954,779.0,3.5484489741086036,0.1271363783226773,0.40002700617283954,1550.0,3.59865142222386,0.09140583753036928,0.40002700617283954,774.0,2.5827546657358362,0.09283519937013829,0.38891512345679013,773.0,2.6550453215284677,0.0954953427700873,,,0.07936251441680664,0.1271363783226773,0.09987220473495695,0.09140583753036928,-0.08245363375964843,0.09283519937013829,-0.08083595799004062,0.0954953427700873,-0.003850086805788514,0.049553333780479006
307.5,0.0,0.0,,,0.5444822530864197,1024.0,3.426941150740412,0.10709191096063787,0.5444822530864197,2000.0,3.4114865388035187,0.07628315805090143,0.5444822530864197,1112.0,2.7261676777548836,0.08175233593584429,0.5444822530864197,1065.0,2.612842041631652,0.08006419686267761,,,-0.02578796188191257,0.10709191096063787,-0.05763723426418599,0.07628315805090143,0.07251491262103427,0.08175233593584429,-0.10886871620716043,0.08006419686267761,-0.03238543034060826,0.04208282086836169
322.5,0.0,0.0,,,0.9468325617283949,1775.0,3.41598213877331,0.08108049894027948,0.9468325617283949,3428.0,3.3625211403835573,0.05743076705503133,0.9468325617283949,1817.0,2.5616114059479,0.06009464647989377,0.9468325617283949,1913.0,2.6989140959960594,0.06170659415694304,,,-0.021152274989193476,0.08108049894027948,-0.0786695371972792,0.05743076705503133,-0.08115212773435143,0.06009464647989377,-0.009530990489178492,0.06170659415694304,-0.05231401731680557,0.03170484950967033
337.5,0.0,0.0,,,0.9450694444444443,1764.0,3.4011460191745306,0.08097966712320312,0.9450694444444443,3513.0,3.452326190597169,0.05824689083666761,0.9450694444444443,1869.0,2.639836840463161,0.06106219822039629,0.3365856481481481,677.0,2.686831005205461,0.10326330408836325,,,-0.02109527777191378,0.08097966712320312,0.037486114889412114,0.05824689083666761,0.007352067109977156,0.06106219822039629,-0.00917603122017896,0.10326330408836325,0.01105195749424685,0.03515334671028799
352.5,0.0,0.0,,,0.5508016975308643,993.0,3.2850682532371143,0.10424848997496687,0.5508016975308643,2034.0,3.429675836874571,0.07604621436206424,0.5508016975308643,1007.0,2.440426355370482,0.07690436158096382,0.0,0.0,,,,,-0.12292572304984084,0.10424848997496687,0.03973177338424971,0.07604621436206424,-0.18233907974228192,0.07690436158096382,,,-0.08126619889647985,0.048000569320083
367.5,0.0,0.0,,,0.0,0.0,,,0.0,0.0,,,0.0,0.0,,,0.0,0.0,,,,,,,,,,,,,,
382.5,0.8531628086419754,1497.0,3.2066515881531212,0.08287830777513072,0.8531628086419754,1574.0,3.361733109754751,0.08473461636446393,0.8531628086419754,3079.0,3.351777403690102,0.06040464333667762,0.8531628086419754,1679.0,2.626940806678206,0.06410987628221931,0.0,0.0,,,0.10533006128923583,0.08287830777513072,-0.01950410510500422,0.08473461636446393,0.0077195861600087845,0.06040464333667762,0.022118506943382688,0.06410987628221931,,,0.02507406030579927,0.03530604846428491
397.5,0.9944436728395061,1670.0,3.0690090729272237,0.07509999995897533,0.9944436728395061,1826.0,3.3458849473484547,0.07829979346440126,0.9944436728395061,3621.0,3.3817829568418407,0.05619937279118515,0.9944436728395061,1932.0,2.5933339120351055,0.05900038942265114,0.0,0.0,,,-0.027318611171402996,0.07509999995897533,-0.02275364986627615,0.07829979346440126,0.05892031235416617,0.05619937279118515,-0.003182864523124884,0.05900038942265114,,,0.00972770775745177,0.032542005384856444
412.5,0.9777777777777777,1636.0,3.0577714874974085,0.07559853456875892,0.9777777777777777,1832.0,3.414095973788483,0.0797651140974938,0.9777777777777777,3385.0,3.215258577469719,0.05526326871019737,0.9777777777777777,1858.0,2.5365127691165417,0.058845627474972004,0.0,0.0,,,-0.03363715113006016,0.07559853456875892,0.057589292873968745,0.0797651140974938,-0.0874519527565929,0.05526326871019737,-0.052093795211336946,0.058845627474972004,,,-0.042718763695821026,0.03247224316384093
427.5,0.8935972222222223,1580.0,3.2312991543884784,0.08129215255208652,0.8935972222222223,1601.0,3.2646749029829225,0.0815913792512666,0.8935972222222223,3087.0,3.208427385274547,0.057746265041127,0.8935972222222223,1667.0,2.490148779367818,0.06098984025154877,0.0,0.0,,,0.14474100887180708,0.08129215255208652,-0.08013094223274075,0.0815913792512666,-0.07509208346109197,0.057746265041127,-0.09091022401672433,0.06098984025154877,,,-0.04262311095497148,0.03389822046346379
442.5,0.983332561728395,1610.0,2.992177450121128,0.07457176248175737,0.983332561728395,1751.0,3.244711921203592,0.07754129885264995,0.983332561728395,3490.0,3.296267144561622,0.055796850842924066,0.983332561728395,1931.0,2.6212796704331036,0.059651617228045226,0.0,0.0,,,-0.08959308603232463,0.07457176248175737,-0.08879157889092015,0.07754129885264995,0.031052751508876764,0.055796850842924066,0.04743545269420579,0.059651617228045226,,,-0.00798568315859772,0.032472033763294036
457.5,0.4651550925925926,806.0,3.166643343259391,0.11154025446677276,0.4651550925925926,837.0,3.2788239351999873,0.11333273454427695,0.4651550925925926,1625.0,3.2445388626584513,0.08048710333884265,0.4651550925925926,938.0,2.6917614205107707,0.08788912588468586,0.3060432098765432,601.0,2.623245884514361,0.10700443154570059,0.08960267844391767,0.11154025446677276,-0.043745884415570924,0.11333273454427695,-0.003187712946447707,0.08048710333884265,0.12482654507788293,0.08788912588468586,0.0042566768999066085,0.10700443154570059,0.03746884952078601,0.043462128581013004
472.5,0.978298611111111,1648.0,3.0785602711160323,0.07583488924310078,0.978298611111111,1789.0,3.3321866676718326,0.07878148305778222,0.978298611111111,3417.0,3.2439259882902896,0.05549430894503363,0.978298611111111,1895.0,2.585647297060599,0.059397022680626334,0.978298611111111,1984.0,2.7090530356294114,0.060820036083846486,0.006196410917202133,0.07583488924310078,0.020209168565014757,0.07878148305778222,0.012932907490633472,0.05549430894503363,0.02534132739725603,0.059397022680626334,0.09759588825728738,0.060820036083846486,0.03469276359715692,0.028706429176352296
487.5,0.9944444444444444,1604.0,2.947716606816149,0.07360097138516733,1.0,1822.0,3.3200054103187178,0.0777794029541232,1.0,3478.0,3.2301818521407912,0.05477245207227003,1.0,2007.0,2.679038029125028,0.059800551918147496,1.0,1942.0,2.5941584680839695,0.058866998047116176,-0.12001927462801731,0.07360097138516733,0.0183038763201524,0.0777794029541232,0.015225586850390549,0.05477245207227003,0.1251034102644235,0.059800551918147496,-0.010108531609249294,0.058866998047116176,0.014392438115208647,0.02826801851142297
502.5,0.9944436728395061,1698.0,3.120465512473309,0.07572696372924871,1.0,1812.0,3.3017836462664745,0.07756566415226716,1.0,3518.0,3.2673317296812256,0.055086516871561686,1.0,1947.0,2.5989472061317533,0.058899889736054575,1.0,2052.0,2.741098443104174,0.06051122636320155,0.057312634230053394,0.07572696372924871,0.010064627890534084,0.07756566415226716,0.06776840793464789,0.055086516871561686,0.05114732205897399,0.058899889736054575,0.14370829191395895,0.06051122636320155,0.07145023183892642,0.028496060671107788
517.5,0.9944436728395061,1658.0,3.046956313121759,0.0748296931432857,1.0,1798.0,3.2762731765933335,0.07726543651243885,1.0,3536.0,3.284049174574421,0.0552272633470565,1.0,1895.0,2.529535159537582,0.05810802479259191,1.0,1953.0,2.6088524655859895,0.05903348172663648,-0.011655041525445053,0.0748296931432857,-0.005735784879072892,0.07726543651243885,0.09928331225057141,0.0552272633470565,-0.012347442612723913,0.05810802479259191,0.01805201784054411,0.05903348172663648,0.024686294661814268,0.028204666809867333
532.5,0.9696381172839507,1685.0,3.1757924775137947,0.077366359784154,0.9751944444444444,1715.0,3.2045224957572493,0.07738045204749953,0.9751944444444444,3322.0,3.1637765650836434,0.054891612740373644,0.9751944444444444,1812.0,2.4802672617508734,0.05826656075735648,0.9751944444444444,1916.0,2.62453012918781,0.059958921215329995,0.12168434128118077,0.077366359784154,-0.06802962473413521,0.07738045204749953,-0.006742973279577402,0.054891612740373644,-0.055897971606035046,0.05826656075735648,0.040056147780402895,0.059958921215329995,0.0011362241070153414,0.028413306935647316
547.5,0.9670601851851852,1629.0,3.078431335423061,0.07627266637479362,0.9670601851851852,1709.0,3.220171323599721,0.0778947067794486,0.9670601851851852,3318.0,3.1865465967756195,0.05531998869589118,0.9670601851851852,1794.0,2.4762839419765097,0.05846409374248199,0.9670601851851852,1881.0,2.5982597684593265,0.05990846209082114,0.028790995109085227,0.07627266637479362,-0.04315952468955331,0.0778947067794486,0.029762903623103742,0.05531998869589118,-0.05434778017650377,0.05846409374248199,0.019870872595562528,0.05990846209082114,-0.0022696854215796193,0.028459417314099077
562.5,0.980412037037037,1665.0,3.1036125065146836,0.07606070987009361,0.980412037037037,1759.0,3.2692461696780475,0.07794974590620371,0.9748564814814815,3334.0,3.1763057966128385,0.05500972950316057,0.980412037037037,1946.0,2.649510880070657,0.06006123931833799,0.980412037037037,1858.0,2.5315374211311954,0.05873020228268881,0.05840715759519943,0.07606070987009361,0.014917215092398628,0.07794974590620371,0.032784751751505414,0.05500972950316057,0.1242435100636361,0.06006123931833799,-0.04098778773297651,0.05873020228268881,0.03720061045652133,0.028455244382004294
577.5,0.9877476851851852,1620.0,2.997304626602239,0.07446863215952479,0.9877476851851852,1703.0,3.1416590133696283,0.0761292799607607,0.9877476851851852,3400.0,3.1969091280076487,0.05482653922824834,0.9877476851851852,1891.0,2.5555066432423867,0.05876669268421275,0.9877476851851852,1984.0,2.6831374671211865,0.06023821439520705,-0.043496157671525815,0.07446863215952479,-0.10387256611730589,0.0761292799607607,0.06621173099383171,0.05482653922824834,0.035447924052622426,0.05876669268421275,0.11627281701215475,0.06023821439520705,0.03083781864719777,0.028276528971644007
592.5,0.9888888888888888,1599.0,2.9550365480943888,0.07389901075269813,0.9944444444444444,1728.0,3.166311447379741,0.0761696152701203,0.9944444444444444,3288.0,3.070779821722183,0.05355287287036184,0.9944444444444444,1866.0,2.5047398162924575,0.05798381684326386,0.9944444444444444,1857.0,2.494472120378541,0.05788588833710767,-0.08138793846042214,0.07389901075269813,-0.07061363083981753,0.0761696152701203,-0.04750155237237763,0.05355287287036184,-0.010253630306074957,0.05798381684326386,-0.0669183928721373,0.05788588833710767,-0.05127433096526542,0.027734690889166656
607.5,0.9809421296296297,1586.0,2.9547564272252345,0.07419422359437612,0.9864976851851852,1736.0,3.2065946904635787,0.07696073535406238,0.9864976851851852,3302.0,3.108696996473128,0.054099077445559494,0.9864976851851852,1862.0,2.519504347772196,0.0583882251201058,0.9864976851851852,1876.0,2.5402943369313853,0.058649946868872524,-0.07731806648878603,0.07419422359437612,-0.02190222560455002,0.07696073535406238,0.0024528163794306224,0.054099077445559494,0.009444081031992457,0.0583882251201058,-0.015793183841028124,0.058649946868872524,-0.01467347355734234,0.027992279619891914
622.5,0.9666635802469136,1599.0,3.022978074672787,0.07559807995927344,1.0,1797.0,3.2744510001881095,0.07724394702891588,1.0,3420.0,3.176314529707161,0.054313832448218066,1.0,1898.0,2.533539700687246,0.058154002400834445,1.0,1886.0,2.5193526626191383,0.058012037725124636,-0.004770948495086635,0.07559807995927344,0.054215427583193865,0.07724394702891588,0.08175515171775904,0.054313832448218066,0.028290857608367137,0.058154002400834445,-0.031589038000091385,0.058012037725124636,0.027420343198115937,0.028012265934679256
637.5,0.9888888888888889,1656.0,3.0603755620039443,0.0752046265717507,1.0,1769.0,3.223430060841829,0.0766397951508013,1.0,3381.0,3.1400933991052375,0.05400326037432524,1.0,1931.0,2.5775896533335465,0.05865737758009537,1.0,1948.0,2.602173375812344,0.05895786560526288,0.036929106816432355,0.0752046265717507,0.011299606462582101,0.0766397951508013,0.05689071076391716,0.05400326037432524,0.07703994631088662,0.05865737758009537,0.05623310225943623,0.05895786560526288,0.05245602971239547,0.02807968116031214
652.5,0.9888881172839507,1656.0,3.0603779499392987,0.07520468525206067,1.0,1839.0,3.3509824092075315,0.07814141718947593,1.0,3251.0,3.0193562970988244,0.052954866794318704,1.0,1875.0,2.502838218539824,0.05780057276848203,1.0,1909.0,2.550076475577908,0.058364697737668,0.04121263211063475,0.07520468525206067,0.1468105938971238,0.07814141718947593,-0.05279550822958523,0.052954866794318704,0.0068840346524585705,0.05780057276848203,0.009004925283515597,0.058364697737668,0.013338080799540393,0.02784154720067288
667.5,1.0,1615.0,2.9514431119473765,0.07344261862840883,1.0,1811.0,3.2999614698612505,0.07754425786949377,1.0,3324.0,3.0871548236101174,0.05354610715203252,1.0,1807.0,2.4120686191474467,0.05674277646005845,1.0,1908.0,2.548740657623179,0.058349409015012066,-0.06346116131156876,0.07344261862840883,0.10361078576548755,0.07754425786949377,0.02576859489965022,0.05354610715203252,-0.07938570608522344,0.05674277646005845,0.012415820024676893,0.058349409015012066,-0.005025010632288897,0.027684221712093938
682.5,0.9678680555555556,1663.0,3.140060263722285,0.07700020093455155,0.9678680555555556,1661.0,3.127115304306965,0.07672891884821785,0.9678680555555556,3161.0,3.033232738472516,0.05395025315201545,0.9678680555555556,1769.0,2.439737955703369,0.05800684786624752,0.9678680555555556,1837.0,2.5353637499988317,0.05915421540534687,0.12939815836939372,0.07700020093455155,-0.061543493700844554,0.07672891884821785,-0.017654371853280892,0.05395025315201545,-0.04730489131537663,0.05800684786624752,0.003673397517736987,0.05915421540534687,-0.006089464772536331,0.02811542104694299
697.5,0.9944444444444444,1656.0,3.0432784918251516,0.07478448899313758,1.0,1740.0,3.1705869450903235,0.07600900421697324,1.0,3177.0,2.9506290236490207,0.05234871223244497,1.0,1854.0,2.474806430492178,0.057475978136836456,1.0,1772.0,2.3670694157800174,0.05623143094114837,0.036840783388102594,0.07478448899313758,-0.010501597419893649,0.07600900421697324,-0.09000809020975087,0.05234871223244497,-0.007906642587332868,0.057475978136836456,-0.16008972810710898,0.05623143094114837,-0.06071281345391716,0.027361102966706987
712.5,0.9777762345679011,1678.0,3.13627668344059,0.07656290283187786,0.9944436728395061,1767.0,3.237775849925914,0.07702443204638133,0.9944436728395061,3217.0,3.004472734647943,0.052971556796262004,0.9944436728395061,1838.0,2.46715721031083,0.05754718317896035,0.9944436728395061,1921.0,2.5804440825768147,0.05887497965355493,0.13404660636214327,0.07656290283187786,0.06414295375172951,0.07702443204638133,-0.026147552073893188,0.052971556796262004,-0.011301673141613122,0.05754718317896035,0.05772106142634792,0.05887497965355493,0.029238433839403354,0.027885709060864634
727.5,0.9777777777777777,1571.0,2.936283011527157,0.07408150896533597,0.9777777777777777,1743.0,3.2482365078129507,0.07780346693324405,0.9777777777777777,3157.0,2.998691677716958,0.053369670733477974,0.9777777777777777,1851.0,2.5269564777366624,0.05873467265779107,0.9777777777777777,1881.0,2.5697797904101627,0.059251794999247986,-0.06175528529244989,0.07408150896533597,0.08195112738986943,0.07780346693324405,-0.022130265280568384,0.053369670733477974,0.052681810591780565,0.05873467265779107,0.051405301756987765,0.059251794999247986,0.01918710475823029,0.028025316501817096
742.5,0.8937932098765432,1421.0,2.905486868804295,0.07707648095308531,0.8937932098765432,1528.0,3.1151339218244356,0.0796920584658661,0.8937932098765432,2868.0,2.9801593816281997,0.05564804578749757,0.8937932098765432,1736.0,2.592651692806534,0.06222563187943749,0.8937932098765432,1652.0,2.4689953300465732,0.06074565887792467,-0.08837466696800833,0.07707648095308531,-0.04390609185128724,0.0796920584658661,-0.031069174850022918,0.05564804578749757,0.1224964138532445,0.06222563187943749,-0.04511135609728356,0.06074565887792467,-0.010536142234824748,0.029136144438683394
757.5,0.583641975308642,908.0,2.8431594729802816,0.09435356104066517,0.583641975308642,1005.0,3.137689482121334,0.09897532375623526,0.583641975308642,1854.0,2.950262141595574,0.06851816782881091,0.583641975308642,1050.0,2.401454079174329,0.07411048183934593,0.583641975308642,1098.0,2.5130613909613815,0.07584062929377935,-0.1465395640100957,0.09435356104066517,-0.014201787375907049,0.09897532375623526,-0.05156552132991399,0.06851816782881091,-0.0646419208109199,0.07411048183934593,0.003148056739356253,0.07584062929377935,-0.051211142647933056,0.03572928172622452
772.5,0.9888888888888889,1623.0,2.999389817108938,0.07445153441382028,0.9888888888888889,1679.0,3.093809849364579,0.07550370612814931,0.9888888888888889,3158.0,2.96593769509616,0.05277836846984085,0.9888888888888889,1793.0,2.420272679105746,0.05715762220805169,0.9888888888888889,1850.0,2.4990302186786524,0.05810127241416874,0.01383970555958669,0.07445153441382028,-0.051024189036987355,0.07550370612814931,-0.026670075651345826,0.05277836846984085,-0.04181982245864324,0.05715762220805169,-0.006758465859888485,0.05810127241416874,-0.02340739964289863,0.027553994912781158
787.5,0.9944452160493827,1594.0,2.929337048319239,0.07337112628484002,0.9944452160493827,1832.0,3.356873883543515,0.07842820775615797,0.9944452160493827,3195.0,2.983921507843889,0.05279003665709752,0.9944452160493827,1857.0,2.4926571435371536,0.05784377058966255,0.9944452160493827,1755.0,2.3574556674554956,0.05627363561178132,-0.0520770839480269,0.07337112628484002,0.21901029056202015,0.07842820775615797,0.0003632284807135733,0.05279003665709752,0.03451633131092491,0.05784377058966255,-0.14427180684611773,0.05627363561178132,-0.0069452528481434754,0.0275050596051823
802.5,1.0,1662.0,3.0373365028213866,0.07450362428036167,1.0,1740.0,3.1705869450903235,0.07600900421697324,1.0,3157.0,2.932054084878803,0.05218367805051179,1.0,1849.0,2.468132195242738,0.05739842314517996,1.0,1951.0,2.6061808296765316,0.059003246906867514,0.06004597481411711,0.07450362428036167,0.03961138901899153,0.07600900421697324,-0.04261531970646315,0.05218367805051179,0.013894907704520065,0.05739842314517996,0.10845594496281441,0.059003246906867514,0.02851894039688242,0.027615897752810037
817.5,1.0,1604.0,2.9313404034449486,0.07319207709969418,1.0,1699.0,3.095877712476126,0.07510815748727863,1.0,3163.0,2.9376265665098686,0.05223324305587608,1.0,1917.0,2.558901794635116,0.05844435397471301,1.0,1848.0,2.468591580339431,0.05742463718571123,-0.041838375063044,0.07319207709969418,-0.028288159197412455,0.07510815748727863,-0.02830554390340767,0.05223324305587608,0.10852321213465288,0.05844435397471301,-0.02518492265811867,0.05742463718571123,0.0007048065247496852,0.027456824036266612
832.5,0.9084560185185185,1458.0,2.9330232633543516,0.07681335699613924,0.9140123456790124,1585.0,3.159858415407913,0.07936938044559821,0.9140123456790124,2900.0,2.946750264823426,0.05471977869497033,0.9140123456790124,1696.0,2.476881857572783,0.060144008274741076,0.9140123456790124,1657.0,2.4216853978507404,0.05949171227920395,-0.03605514633841089,0.07681335699613924,0.042427637003086716,0.07936938044559821,-0.010587781856445933,0.05471977869497033,0.0303202312681079,0.060144008274741076,-0.06819288984831307,0.05949171227920395,-0.011298154410587978,0.028615932271260733
847.5,1.0,1532.0,2.799759038701784,0.0715305019694776,1.0,1657.0,3.0193463034567043,0.07417399539838801,1.0,3109.0,2.887474231830282,0.05178545020410065,1.0,1855.0,2.4761412775420664,0.05749147658073062,1.0,1807.0,2.4138230441955373,0.05678404848172876,-0.1652299507114634,0.0715305019694776,-0.09142048178234852,0.07417399539838801,-0.061405260212917145,0.05178545020410065,0.033357678293838955,0.05749147658073062,-0.07220349278722704,0.05678404848172876,-0.06171775204110237,0.02708869489730461
862.5,1.0,1631.0,2.980683415223635,0.0738055244509405,1.0,1700.0,3.0976998888813503,0.07513025787248175,1.0,3132.0,2.9088354114160317,0.051976648439319685,1.0,1780.0,2.3760277488004733,0.05631725873067789,1.0,1899.0,2.536718296030617,0.05821162981679504,0.01977329163639263,0.0738055244509405,-0.006470760462783609,0.07513025787248175,-0.03171389044570816,0.051976648439319685,-0.06301416281726402,0.05631725873067789,0.05450043637098334,0.05821162981679504,-0.009721939128104519,0.0273046969998506
877.5,0.9944436728395061,1662.0,3.054307233056914,0.07491990377657705,0.9944436728395061,1608.0,2.9464309941600852,0.0734773106217895,0.9944436728395061,3179.0,2.9689831592930713,0.052657770846305324,0.9944436728395061,1730.0,2.3221882338616626,0.055830866561198074,0.9944436728395061,1806.0,2.4259666908556627,0.057085519888320266,0.09746578036286824,0.07491990377657705,-0.15120836166822604,0.0734773106217895,0.036642298764412384,0.052657770846305324,-0.11314595051108078,0.055830866561198074,-0.052482457854479136,0.057085519888320266,-0.03686605910081304,0.02719943794006129
892.5,1.0,1521.0,2.779656330199356,0.07127323923588091,1.0,1665.0,3.0339237146984988,0.07435283591211661,1.0,3268.0,3.0351449950535097,0.05309314100797318,1.0,1817.0,2.4254170896463254,0.05689956807272009,1.0,1866.0,2.492636303524556,0.0577036249195642,-0.17312631839492099,0.07127323923588091,-0.05724638452911712,0.07435283591211661,0.11089695717396841,0.05309314100797318,-0.00624114182831903,0.05689956807272009,0.01791874643831637,0.0577036249195642,-0.0012233669974455318,0.027300677725173073
907.5,0.9944444444444444,1588.0,2.9183129498903027,0.07323296422241773,0.9944444444444444,1643.0,3.0105611736371034,0.0742726081178167,0.9944444444444444,3098.0,2.893332082632398,0.05198254952633824,0.9944444444444444,1831.0,2.4577591659332745,0.05743745021245512,0.9944444444444444,1871.0,2.5132780491266824,0.05810368067769985,-0.03042046175374269,0.07323296422241773,-0.074199092944224,0.0742726081178167,-0.022933066688597847,0.05198254952633824,0.02974712221375997,0.05743745021245512,0.04225757353215753,0.05810368067769985,-0.004543985580649715,0.02734721917126378
922.5,0.9475555555555556,1586.0,3.0588655675811927,0.07680841431636468,0.9475555555555556,1587.0,3.051846340973149,0.07660801332548792,0.9475555555555556,3009.0,2.949272495522133,0.053765514591324934,0.9475555555555556,1784.0,2.5131688828564984,0.05950099781428746,0.9475555555555556,1743.0,2.457197028123341,0.05885607383151451,0.11417209950500906,0.07680841431636468,-0.026561080982753005,0.07660801332548792,0.04088557616381161,0.053765514591324934,0.08877510891089058,0.05950099781428746,-0.010158484556948455,0.05885607383151451,0.040663834736088665,0.02820576372524988
937.5,0.043209104938271604,61.0,2.5799806869407473,0.33033267744302297,0.043209104938271604,66.0,2.783294005201302,0.34259980893406705,0.043209104938271604,142.0,3.052182299470198,0.2561334487838513,0.043209104938271604,91.0,2.8112380877440684,0.2946978259797229,0.043209104938271604,84.0,2.596876476787656,0.28334245298403965,-0.36068188068304385,0.33033267744302297,-0.28881528708896687,0.34259980893406705,0.15157385124176326,0.2561334487838513,0.39043636424649986,0.2946978259797229,0.1331560008398478,0.28334245298403965,0.0474308863936519,0.1325726685560351
952.5,1.0,1641.0,2.998958604771297,0.07403143720595105,1.0,1592.0,2.9009048371171233,0.07270461022518401,1.0,3130.0,2.9069779175390096,0.051960050435243495,1.0,1882.0,2.5121821478890394,0.05790836665707943,1.0,1859.0,2.483285577841452,0.05759529027273422,0.06231812340767506,0.07403143720595105,-0.1649589173295527,0.07270461022518401,0.014052736169197999,0.051960050435243495,0.09494781804953067,0.05790836665707943,0.02317222257488183,0.05759529027273422,0.015404458306300464,0.02730064782877997
967.5,1.0,1674.0,3.0592667302785808,0.0747721066793604,1.0,1738.0,3.1669425922798746,0.07596530832131429,1.0,3187.0,2.9599164930341293,0.05243103452301189,1.0,1789.0,2.3880413722494644,0.05645945430800287,1.0,1821.0,2.432524495561745,0.05700359546984557,0.1266397305196394,0.0747721066793604,0.10727376891828388,0.07596530832131429,0.07458361154957682,0.05243103452301189,-0.025648782969035278,0.05645945430800287,-0.024007811764497955,0.05700359546984557,0.039582688712148026,0.02734471200072685
982.5,0.9418765432098766,1476.0,2.863876371782429,0.07454372442752569,0.9418765432098766,1573.0,3.0431626162487118,0.07672922274447465,0.9418765432098766,2936.0,2.89507264102265,0.05342954054382339,0.9418765432098766,1659.0,2.3511693456310874,0.057724571504828896,0.9418765432098766,1730.0,2.4535753420567414,0.05898972164388993,-0.06474555910093338,0.07454372442752569,-0.010360024951797886,0.07672922274447465,0.01724503805371036,0.05342954054382339,-0.05899853065736149,0.057724571504828896,0.0005997005416289447,0.05898972164388993,-0.019341549806342295,0.027868282369491314
997.5,0.985099537037037,1560.0,2.894052288370987,0.07327301707079675,0.985099537037037,1675.0,3.098311758353806,0.07570380519213829,0.985099537037037,3050.0,2.8755248134398825,0.05206755684971075,0.985099537037037,1839.0,2.4919144030128257,0.058108846656804304,0.985099537037037,1790.0,2.427281760944775,0.05737116607370395,-0.030572810437909936,0.07327301707079675,0.05088829092474301,0.07570380519213829,0.005119144931572173,0.05206755684971075,0.08524812840066787,0.058108846656804304,-0.022160046062861927,0.05737116607370395,0.017740291101354118,0.0274247794257746
1012.5,0.9933641975308641,1586.0,2.917807053509296,0.07326642119757183,0.9933641975308641,1613.0,2.958804584393644,0.0736714299017934,0.9933641975308641,3059.0,2.860015382038637,0.0517104872992914,0.9933641975308641,1786.0,2.3999625082377984,0.056788935767579395,0.9933641975308641,1822.0,2.450118818018759,0.05740014104792277,-0.002829288633694027,0.07326642119757183,-0.08256508532693285,0.0736714299017934,-0.00304826561115501,0.0517104872992914,-0.0032217197286326105,0.056788935767579395,0.004189437062062318,0.05740014104792277,-0.012228021597986947,0.027135240384562796
1027.5,1.0,1612.0,2.9459605550830776,0.07337437396262958,1.0,1669.0,3.041212420319396,0.07444209505099357,1.0,3062.0,2.843823125720271,0.05139252885078825,1.0,1825.0,2.436095866045429,0.05702469096834163,1.0,1855.0,2.4779423060225354,0.05753329317158723,0.029305042382326896,0.07337437396262958,0.005852704692082877,0.07444209505099357,-0.011975211462386781,0.05139252885078825,0.0363751636638705,0.05702469096834163,0.03550524832734947,0.05753329317158723,0.017629294587321265,0.027171907698224106
1042.5,0.9944436728395061,1515.0,2.7841609254399664,0.07152996583512451,0.9944436728395061,1659.0,3.0398812309151624,0.07463343370234751,0.9944436728395061,3047.0,2.84570358174457,0.05155293950012933,0.9944436728395061,1740.0,2.3356112872365853,0.05599199493824905,0.9944436728395061,1851.0,2.486414365876983,0.05779234235257481,-0.1285215488598741,0.07152996583512451,0.010489065966106548,0.07463343370234751,-0.002903161426230483,0.05155293950012933,-0.06066345761587488,0.05599199493824905,0.04745072701706521,0.05779234235257481,-0.021517693184673992,0.027020992753075825
1057.5,0.9944436728395061,1545.0,2.839292824953629,0.07223471158088449,0.9944436728395061,1573.0,2.8822984787399344,0.07267325144257822,0.9944436728395061,3060.0,2.85784475226071,0.05166279754021333,0.9944436728395061,1797.0,2.412122691473646,0.056901714942972886,0.9944436728395061,1785.0,2.3977577758457134,0.0567526568764584,-0.06942427671302998,0.07223471158088449,-0.14116718399862238,0.07267325144257822,0.016358687765363644,0.05166279754021333,0.019277214809519716,0.056901714942972886,-0.03775024851260467,0.0567526568764584,-0.028852622619342468,0.026968130301535862
1072.5,0.9944444444444444,1579.0,2.9017733928695137,0.0730251452071844,0.9944444444444444,1737.0,3.1828026528348436,0.07636771603450832,0.9944444444444444,3084.0,2.8802569860678875,0.051864960800307204,0.9944444444444444,1789.0,2.4013823855022545,0.05677487025385764,0.9944444444444444,1852.0,2.487755717254205,0.057807906504131236,-0.0029858865740117757,0.0730251452071844,0.1652237199461073,0.07636771603450832,0.04582330829015868,0.051864960800307204,0.011950298223283529,0.05677487025385764,0.055686513148883954,0.057807906504131236,0.04863132255133388,0.027315698248565886
1087.5,0.9997600308641975,1607.0,2.937527876335127,0.07327807605804829,0.9997600308641975,1600.0,2.9161820420433897,0.07290455105108473,0.9997600308641975,3090.0,2.870516875452484,0.051639361609117966,0.9997600308641975,1782.0,2.3792683938805705,0.05636241399751115,0.9997600308641975,1867.0,2.4945707414643117,0.05773293882222505,0.03671897504763866,0.07327807605804829,-0.09554873020794075,0.07290455105108473,0.043069751887716556,0.051639361609117966,-0.006765434857622932,0.05636241399751115,0.06592449100013242,0.05773293882222505,0.016611860233817353,0.02707460476084888
1102.5,1.0,1600.0,2.9240303276258834,0.07310075819064708,1.0,1665.0,3.0339237146984988,0.07435283591211661,0.9944436728395061,2971.0,2.774724431034827,0.05090594830929662,1.0,1803.0,2.406729230947895,0.05667993837161246,1.0,1781.0,2.3790917773725795,0.056374049989004055,0.027164458573593286,0.07310075819064708,0.02800366945734023,0.07435283591211661,-0.045799662632763916,0.05090594830929662,0.024079220414526148,0.05667993837161246,-0.046146533958036695,0.056374049989004055,-0.010544643480473818,0.026920618268949995
1117.5,0.9888881172839505,1556.0,2.8755725181796796,0.0728986571054839,0.9888881172839505,1635.0,3.01273558703942,0.07450786842430668,0.9888881172839505,2968.0,2.7874952336076446,0.05116608466692862,0.9888881172839505,1778.0,2.40002687181568,0.05691807793538914,0.9888881172839505,1828.0,2.4693139482266484,0.057754817236856826,-0.017357573866099152,0.0728986571054839,0.012589908155210772,0.07450786842430668,-0.026167185947927774,0.05116608466692862,0.020746876907423495,0.05691807793538914,0.04746934442160722,0.057754817236856826,0.007095811035193167,0.027128754640092106
1132.5,1.0,1636.0,2.989821009997466,0.0739185671338976,1.0,1549.0,2.8225512516924773,0.0717160114156554,1.0,2951.0,2.740732215545565,0.05045241970873197,1.0,1789.0,2.3880413722494644,0.05645945430800287,1.0,1870.0,2.4979795753434724,0.05776543921143902,0.10081952364168201,0.0739185671338976,-0.1718554065789184,0.0717160114156554,-0.06612784616945788,0.05045241970873197,0.012118179695224551,0.05645945430800287,0.07951516694117933,0.05776543921143902,-0.009619347162908276,0.026883071133922957
1147.5,0.9833317901234567,1617.0,3.005189275418318,0.07473375782400327,0.9833317901234567,1591.0,2.9482242818041313,0.07391378271887883,0.9833317901234567,3047.0,2.8778607079176366,0.05213549995749145,0.9833317901234567,1660.0,2.2534063528402,0.055307683680559064,0.9833317901234567,1717.0,2.332477655361834,0.056290142023008215,0.12010930118019658,0.07473375782400327,-0.040477740579063504,0.07391378271887883,0.0777456080274539,0.05213549995749145,-0.119172705825759,0.055307683680559064,-0.08261940839095994,0.056290142023008215,-0.016272871709079578,0.026992543303030567
1162.5,1.0,1580.0,2.8874799485305602,0.07264244170900966,1.0,1569.0,2.858994779796964,0.07217750917291021,1.0,2942.0,2.7323734930989674,0.05037542572111829,1.0,1747.0,2.331977796154172,0.055792774456917785,1.0,1858.0,2.4819497598867226,0.05757979725556817,0.006314464969593203,0.07264244170900966,-0.12403608045647507,0.07217750917291021,-0.061052231032219684,0.05037542572111829,-0.03726929317238836,0.055792774456917785,0.07020779813377809,0.05757979725556817,-0.026793365195682543,0.026741519288967355
1177.5,0.9996157407407407,1561.0,2.8538537081019126,0.07223210234641597,0.9996157407407407,1628.0,2.967643532210632,0.0735503142829795,0.9996157407407407,2855.0,2.652591792405789,0.04964406838830901,0.9996157407407407,1806.0,2.4116604749652533,0.05674887974613823,0.9996157407407407,1782.0,2.381342648289383,0.05641155094482921,-0.023404239198486998,0.07223210234641597,-0.009748775232664375,0.0735503142829795,-0.13419843417439337,0.04964406838830901,0.045733656770643005,0.05674887974613823,-0.02705589483689108,0.05641155094482921,-0.03911827301238358,0.026659240877402086
1192.5,1.0,1540.0,2.8143791903399134,0.07171702249986175,1.0,1636.0,2.9810805989469933,0.073702474378227,1.0,2952.0,2.741660962484076,0.050460967344491514,0.9277739197530864,1657.0,2.3840307585418117,0.05856667925479371,0.9277739197530864,1705.0,2.454875659168462,0.059452114849719816,-0.05897811274244402,0.07171702249986175,0.009295056147974545,0.073702474378227,-0.03854603144863189,0.050460967344491514,0.021412945074696044,0.05856667925479371,0.04980936580830431,0.059452114849719816,-0.003387738655466203,0.02725994301100967
1207.5,1.0,1505.0,2.7504160269230966,0.07089737246678922,1.0,1717.0,3.1286768877701636,0.07550497470011802,1.0,2955.0,2.7444472032996083,0.05048660156882436,1.0,1847.0,2.4654625011429627,0.05736737179146297,1.0,1805.0,2.411151408286079,0.05675261529444234,-0.11904746584362735,0.07089737246678922,0.16246710230083128,0.07550497470011802,-0.029227297217294,0.05048660156882436,0.10614282604769176,0.05736737179146297,0.00940666930010936,0.05675261529444234,0.02065141391049516,0.026909189625815542
1222.5,1.0,1695.0,3.0976446283286707,0.07523964562250593,1.0,1644.0,2.9956580101887877,0.07388245626863835,1.0,3036.0,2.8196757053189883,0.05117387203357272,1.0,1811.0,2.417408007346998,0.05680554503728084,1.0,1771.0,2.365733597825288,0.05621556204540663,0.23206816625901228,0.07523964562250593,0.03499371802833373,0.07388245626863835,0.0524844033809555,0.05117387203357272,0.06137597511542392,0.05680554503728084,-0.03269984634801526,0.05621556204540663,0.05564131307673733,0.02703653198119326
1237.5,0.9888881172839507,1558.0,2.8792686268148717,0.07294549209721249,0.9888881172839507,1624.0,2.992466417952304,0.07425680734817863,0.9888881172839507,2906.0,2.7292658857357868,0.050628847555153324,0.9888881172839507,1758.0,2.3730299441237146,0.05659704842674017,0.9888881172839507,1820.0,2.4585073226326584,0.057628300508271536,0.017572466594268032,0.07294549209721249,0.037318063343642294,0.07425680734817863,-0.03149014350458046,0.050628847555153324,0.020275403234971456,0.05659704842674017,0.06337531502122706,0.057628300508271536,0.016899347700934455,0.02699048179687016
1252.5,0.9877654320987653,1545.0,2.858489164896615,0.07272308744229738,0.9877654320987653,1551.0,2.861201164428215,0.07265115017495784,0.9877654320987653,2930.0,2.7549339563897037,0.050895265220514976,0.9877654320987653,1779.0,2.4041061010860956,0.056998792652516,0.9877654320987653,1735.0,2.3463507388901026,0.056330446361240204,0.0006666252458180644,0.07272308744229738,-0.08846013282380438,0.07265115017495784,0.0005665728471582199,0.050895265220514976,0.05461921929351243,0.056998792652516,-0.04548932076338197,0.056330446361240204,-0.010045694865830753,0.02684583567205519
1267.5,0.9944452160493827,1510.0,2.7749679692359166,0.07141172121816741,1.0,1674.0,3.0503233023455176,0.07455351869522957,1.0,2930.0,2.7212285298368366,0.05027258364232323,1.0,1801.0,2.4040595368481186,0.056648493188403495,1.0,1848.0,2.468591580339431,0.05742463718571123,-0.07898758647443094,0.07141172121816741,0.10612082726096972,0.07455351869522957,-0.026795601269567815,0.05027258364232323,0.05783077843568929,0.056648493188403495,0.08003432063848948,0.05742463718571123,0.025453865176529228,0.026855433149774142
1282.5,0.9833317901234567,1544.0,2.8695190112837867,0.07302733605272722,0.9833317901234567,1662.0,3.0797918016080867,0.07554502144744428,0.9833317901234567,2886.0,2.7257978349361007,0.05073941770447339,0.9833317901234567,1743.0,2.3660766704822107,0.05667351116539559,0.9833317901234567,1745.0,2.370514565292021,0.05674726205107336,0.019423844872532126,0.07302733605272722,0.1410205299305738,0.07554502144744428,-0.015927263866494457,0.05073941770447339,0.02309677532799137,0.05667351116539559,-0.01476872851593436,0.05674726205107336,0.018040523453987368,0.02698724826701307
1297.5,0.8910462962962963,1345.0,2.75856934075977,0.07521816995438065,0.9944436728395061,1617.0,2.9629222124109815,0.07368265050222483,0.9944436728395061,2941.0,2.7467063452283496,0.05064828199317467,0.9944436728395061,1678.0,2.2523883563120632,0.054985388175252246,0.9944436728395061,1729.0,2.3225340024858476,0.05585532514317309,-0.08767199143418836,0.07521816995438065,0.029555115057128045,0.07368265050222483,0.011237175288801193,0.05064828199317467,-0.08735167939045585,0.054985388175252246,-0.05948387000095501,0.05585532514317309,-0.03825103471469126,0.026706568202569708
1312.5,0.0,0.0,,,0.9944444444444444,1604.0,2.939099283331658,0.07338580708554225,0.9944444444444444,2930.0,2.7364309238582716,0.05055343606490606,0.9944444444444444,1709.0,2.2939980418241213,0.055490931029336464,0.9944444444444444,1798.0,2.4152185635113717,0.05695890010511624,,,0.011109895828680383,0.07338580708554225,0.007175643433098955,0.05055343606490606,-0.042510899674848446,0.055490931029336464,0.03645783481402942,0.05695890010511624,0.0019029618884629596,0.02874844278165624
1327.5,0.0,0.0,,,1.0,1616.0,2.944637070842507,0.07325058492898252,1.0,2959.0,2.748162191053652,0.050520760301804565,1.0,1722.0,2.298606619906974,0.0553921318007859,1.0,1802.0,2.4071439544218913,0.05670543284319802,,,0.02199946981824441,0.07325058492898252,0.02507977582033938,0.050520760301804565,-0.034679770438744484,0.0553921318007859,0.03163233841703983,0.05670543284319802,0.01025534716226063,0.028687884276461573
1342.5,0.0,0.0,,,0.9942175925925926,1621.0,2.9709270635276384,0.07379050500234778,0.9942175925925926,2896.0,2.7052942474229824,0.050270734449640905,0.9942175925925926,1749.0,2.3482258890289347,0.05614938024747866,0.9942175925925926,1746.0,2.345903116515057,0.05614200939429211,,,0.0536158446390429,0.07379050500234778,-0.011655357726411353,0.050270734449640905,0.018153713905590063,0.05614938024747866,-0.02636719037689117,0.05614200939429211,0.0021645130521396787,0.028702870783646722
1357.5,0.0,0.0,,,0.9888888888888888,1609.0,2.9648243285453293,0.07391301935914772,0.9888888888888888,2838.0,2.665399359937588,0.050032948086997105,0.9888888888888888,1697.0,2.2906875272964036,0.05560641927238787,0.9888888888888888,1764.0,2.382859084188726,0.05673474009973157,,,0.05281458573714959,0.07391301935914772,-0.045456563834266994,0.050032948086997105,-0.03617857531729962,0.05560641927238787,0.013822492977205503,0.05673474009973157,-0.013067095364856219,0.02866992022224643
1372.5,0.0747391975308642,111.0,2.714166203019174,0.25761725533968494,0.9833325617283951,1572.0,2.9130137864831793,0.0734710538293108,0.9833325617283951,2974.0,2.80891074152615,0.05150714249104486,0.9833325617283951,1687.0,2.2900563459454406,0.055755617087021675,0.9833325617283951,1731.0,2.351494265146485,0.05651911983056873,-0.11290304456511446,0.25761725533968494,0.0062810924774421295,0.0734710538293108,0.10411025677814134,0.05150714249104486,-0.033611646473448165,0.055755617087021675,-0.014316009622237669,0.05651911983056873,0.019316574890590327,0.028724470516439844
1387.5,0.9888873456790124,1594.0,2.945800880783899,0.0737834960159333,0.9944436728395061,1573.0,2.8822984787399344,0.07267325144257822,0.9944436728395061,2804.0,2.6187570867121015,0.04945454504283735,0.9944436728395061,1761.0,2.3637996993239234,0.05632886429855633,0.9944436728395061,1761.0,2.365519015834342,0.05636983526002541,0.12254685610785065,0.0737834960159333,-0.019181133334988054,0.07267325144257822,-0.08002535251264042,0.04945454504283735,0.04332202335559421,0.05632886429855633,0.0029278378132233662,0.05636983526002541,0.0005195268583492628,0.02661442341644663
1402.5,1.0,1505.0,2.7504160269230966,0.07089737246678922,1.0,1602.0,2.919126601169366,0.0729325963922408,1.0,2876.0,2.6710761951572497,0.049807166540384,1.0,1694.0,2.261230902510113,0.05493994356869137,1.0,1828.0,2.4418752212448487,0.057113052481433994,-0.06902910542201646,0.07089737246678922,0.022876547244856216,0.0729325963922408,-0.021724778338948703,0.049807166540384,-0.056064093096495515,0.05493994356869137,0.08249608635787808,0.057113052481433994,-0.008034808393974581,0.02646352729984194
1417.5,0.9907669753086419,1570.0,2.8959430728795628,0.0730870098391986,0.9963225308641975,1595.0,2.917098907531326,0.0730416896301377,0.9963225308641975,2842.0,2.649241302370642,0.049694632171276384,0.9963225308641975,1659.0,2.2226851116607764,0.05457009972471489,0.9963225308641975,1690.0,2.2658649920664486,0.05511764804130255,0.08030052863224668,0.0730870098391986,0.026055314731789014,0.0730416896301377,-0.03761400446143126,0.049694632171276384,-0.09143469209455812,0.05457009972471489,-0.09030899958609373,0.05511764804130255,-0.038590482134812136,0.02631076432292528
1432.5,0.9944444444444444,1546.0,2.8411283504599547,0.07225802866257396,1.0,1565.0,2.8517060741760663,0.07208544598598605,1.0,2990.0,2.7769533461474887,0.05078471146538084,1.0,1694.0,2.261230902510113,0.05493994356869137,1.0,1740.0,2.324323241228685,0.05572138474793572,0.029282115335052872,0.07225802866257396,-0.03415374319708997,0.07208544598598605,0.09600865667594238,0.05078471146538084,-0.04972105963275508,0.05493994356869137,-0.02865236474138655,0.05572138474793572,0.007410506921830362,0.02648990014478547
1447.5,0.9651720679012346,1520.0,2.8780658948046174,0.07382083259860313,0.9762847222222223,1534.0,2.8631182502289163,0.07310155335020212,0.9762847222222223,2785.0,2.6493912737518057,0.05020344291923752,0.9762847222222223,1736.0,2.3735846990730045,0.05696785577830549,0.9762847222222223,1767.0,2.4177274029584774,0.05751605073591193,0.07000971408796275,0.07382083259860313,-0.0175800806745956,0.07310155335020212,-0.025677127017378787,0.05020344291923752,0.06579335797672492,0.05696785577830549,0.06794355701972465,0.05751605073591193,0.029162818107270824,0.02694036480582043
1462.5,0.9722206790123455,1527.0,2.8703580413069125,0.07345418668206247,0.9777762345679012,1625.0,3.0283377257559008,0.07512381321212407,0.9777762345679012,2808.0,2.667196553913998,0.050333423392440464,0.9777762345679012,1717.0,2.3440254565712424,0.056568827380887976,0.9777762345679012,1723.0,2.3539274678888256,0.056708797464377375,0.06608568363076772,0.07345418668206247,0.15277897530552043,0.07512381321212407,-0.0020291935662708482,0.050333423392440464,0.03938763768086906,0.056568827380887976,0.007328878627068658,0.056708797464377375,0.03846304758435235,0.02691224705247613
1477.5,0.9209097222222221,1486.0,2.9489244181605274,0.07649873205092571,0.9709143518518518,1509.0,2.8320357920747528,0.0729044634230736,0.9709143518518518,2740.0,2.6210000981714487,0.05007163304697364,0.9709143518518518,1689.0,2.3220963445029885,0.05650220675651976,0.9709143518518518,1699.0,2.337543678035046,0.05671044369605497,0.14842967466318235,0.07649873205092571,-0.03840491407207969,0.0729044634230736,-0.04241596400264802,0.05007163304697364,0.020605063353939634,0.05650220675651976,-0.005876044437841621,0.05671044369605497,0.004230843571619287,0.026899090698217436
1492.5,0.9888888888888889,1492.0,2.7572948904045202,0.0713836588520544,1.0,1559.0,2.8407730157447206,0.07194713032420388,1.0,2916.0,2.7082260726976846,0.050152334679586755,1.0,1666.0,2.2238551851132518,0.05448400254410781,1.0,1792.0,2.3937857748746003,0.05654787368109143,-0.03942842604242003,0.0713836588520544,-0.02457082477677508,0.07194713032420388,0.050587370932923204,0.050152334679586755,-0.07449643518142368,0.05448400254410781,0.05353863464758124,0.05654787368109143,-0.0005044799908248491,0.02638344716300257
1507.5,1.0,1507.0,2.754071064832629,0.07094446471540045,1.0,1539.0,2.804329487640234,0.07148414526909341,1.0,2905.0,2.6980098563740653,0.0500576507057568,1.0,1741.0,2.323968713854845,0.055696883052114614,1.0,1762.0,2.3537112362327264,0.056072539889034545,-0.038886990670079946,0.07094446471540045,-0.05593832022721923,0.07148414526909341,0.0461168102242393,0.0500576507057568,0.028749978813349397,0.055696883052114614,0.016630491583747187,0.056072539889034545,0.009964870727094557,0.026408588874621768
1522.5,1.0,1607.0,2.936822960309247,0.07326049158146336,1.0,1561.0,2.844417368555169,0.07199326507105709,1.0,2779.0,2.580987742121696,0.048960029246617055,1.0,1743.0,2.3266384079546203,0.055728865186850156,1.0,1787.0,2.3871066851009544,0.05646892924265334,0.14762402001182062,0.07326049158146336,-0.010794905098881813,0.07199326507105709,-0.06519075482638303,0.048960029246617055,0.03454587802515974,0.055728865186850156,0.053186240364996085,0.05646892924265334,0.018176750247251208,0.026425612755074008
1537.5,0.9888888888888888,1476.0,2.7277260443948204,0.07099987295911099,1.0,1609.0,2.931881836005937,0.07309176358849052,1.0,2861.0,2.6571449910795866,0.04967711017807546,1.0,1743.0,2.3266384079546203,0.055728865186850156,1.0,1774.0,2.3697410516894757,0.05626315530527498,-0.05771990667296656,0.07099987295911099,0.08170492202763135,0.07309176358849052,0.016650514751226808,0.04967711017807546,0.03766549305948663,0.055728865186850156,0.03897489588048053,0.05626315530527498,0.02451990835692536,0.026456675477559876
1552.5,0.966664351851852,1508.0,2.8509363963902086,0.07341534730785619,1.0,1582.0,2.88268307306488,0.07247590688965795,1.0,2936.0,2.7268010114679013,0.05032403095270833,1.0,1620.0,2.162452220818408,0.0537265573760594,1.0,1805.0,2.411151408286079,0.05675261529444234,0.06923732778235347,0.07341534730785619,0.037521658012119374,0.07247590688965795,0.09196058554584718,0.05032403095270833,-0.12340758405823005,0.0537265573760594,0.0835336092766803,0.05675261529444234,0.027655700970302927,0.026465695844060052
1567.5,0.29643055555555553,460.0,2.8359381428035326,0.13222629770181998,0.9992168209876543,1606.0,2.928709010220336,0.07308082692710723,0.9992168209876543,2810.0,2.6118244232877834,0.04927093668852474,0.9992168209876543,1719.0,2.296400571488839,0.05538723790361095,0.9992168209876543,1690.0,2.2593017812298433,0.05495799654124431,0.05797986857685,0.13222629770181998,0.08854353749331434,0.07308082692710723,-0.017391382524763355,0.04927093668852474,0.01364745203899842,0.05538723790361095,-0.06517351960654594,0.05495799654124431,-0.0033487380009906862,0.02759300728216814
1582.5,0.0,0.0,,,0.8666581790123457,1420.0,2.985595195521348,0.07922947004496335,0.8666581790123457,2425.0,2.598730826558975,0.052772227579223514,0.8666581790123457,1486.0,2.288771702811302,0.05937355740311541,0.8666581790123457,1543.0,2.378293027241696,0.06054557381861683,,,0.15040640348100398,0.07922947004496335,-0.024889267036463547,0.052772227579223514,0.009118920318069712,0.05937355740311541,0.05695443451918969,0.06054557381861683,0.030838577315117407,0.030501888169569672
1597.5,0.0,0.0,,,0.9444398148148146,1526.0,2.944222755917533,0.07536911196445814,0.9444398148148146,2704.0,2.6590701517870694,0.051135964457443644,0.9444398148148146,1644.0,2.323587501916162,0.05730705955512476,0.9444398148148146,1681.0,2.3776104593175855,0.05799049900774598,,,0.11399166911464587,0.07536911196445814,0.041017368283201794,0.051135964457443644,0.047028780037026596,0.05730705955512476,0.059402848673950626,0.05799049900774598,0.05837805353214653,0.02935687905411947
1612.5,0.0,0.0,,,1.0,1489.0,2.7132206673790176,0.0703133464021237,1.0,2895.0,2.6887223869889567,0.04997141868530071,1.0,1679.0,2.2412081967617943,0.0546961621106278,1.0,1718.0,2.2949352462246444,0.05536800255425146,,,-0.11207141182446234,0.0703133464021237,0.07620900139519549,0.04997141868530071,-0.0322626724273114,0.0546961621106278,-0.0201470485361388,0.05536800255425146,-0.007525382355152867,0.028136274001664175
1627.5,0.0,0.0,,,0.9944436728395061,1522.0,2.788848241984857,0.07148543365780494,0.9944436728395061,2740.0,2.55898517032495,0.0488868987492791,0.9944436728395061,1703.0,2.285945989749371,0.05539347888749792,0.9944436728395061,1763.0,2.368205579168623,0.05640183630447643,,,-0.031523257457003684,0.07148543365780494,-0.04801625465932169,0.0488868987492791,0.015556830297815516,0.05539347888749792,0.05624299007765732,0.05640183630447643,-0.0027981420950466537,0.028235076545437148
1642.5,0.0,0.0,,,0.9996010802469135,1605.0,2.925760273951114,0.07302998650377628,0.9996010802469135,2838.0,2.636835697339149,0.04949677168152379,0.9996010802469135,1725.0,2.3035300847092577,0.05546248687129163,0.9996010802469135,1728.0,2.3092146170968113,0.05555107003322762,,,0.11029118856753684,0.07302998650377628,0.03531925619012277,0.04949677168152379,0.0362165538094712,0.05546248687129163,0.00036617589202858625,0.05555107003322762,0.03774708191758428,0.028343128828306988
1657.5,0.0,0.0,,,0.9944436728395061,1600.0,2.931772133492622,0.07329430333731556,0.9944436728395061,2686.0,2.50855261587329,0.04840276935658453,0.9944436728395061,1685.0,2.2617844936745093,0.05509995824060661,0.9944436728395061,1807.0,2.4273099725228033,0.05710132210866122,,,0.1211875512567806,0.07329430333731556,-0.08750537138093595,0.04840276935658453,-0.0024594310742700465,0.05509995824060661,0.12157017057431396,0.05710132210866122,0.017359888782361783,0.028294924163973417
1672.5,0.9689614197530864,1408.0,2.655571868863958,0.07077122809695037,0.9944436728395061,1496.0,2.741206944815602,0.07087221834465017,0.9944436728395061,2727.0,2.5468439998088095,0.04877078829325184,0.9944436728395061,1582.0,2.123527043912804,0.053389340559266904,0.9944436728395061,1638.0,2.2002953707760664,0.0543655813346781,-0.096369832629704,0.07077122809695037,-0.06451079742718635,0.07087221834465017,-0.04378162973110733,0.04877078829325184,-0.13765324107642618,0.053389340559266904,-0.10234125441244757,0.0543655813346781,-0.08844838272603096,0.025748505055574588
1687.5,1.0,1533.0,2.8015865576565497,0.07155384362517132,1.0,1542.0,2.8097960168559073,0.0715537840048178,1.0,2755.0,2.558697815597435,0.04874815650679068,1.0,1715.0,2.289262690557759,0.05527943151760404,1.0,1805.0,2.411151408286079,0.05675261529444234,0.05333756830228431,0.07155384362517132,0.008927692457185277,0.0715537840048178,-0.026521131143659282,0.04874815650679068,0.031140132360343742,0.05527943151760404,0.11161254070948123,0.05675261529444234,0.0316352654751007,0.026268918284136536
1702.5,0.9888881172839507,1520.0,2.8090425627462166,0.07205042148658551,0.9888881172839507,1491.0,2.7473937371717274,0.07115117593586177,0.9888881172839507,2806.0,2.6353475827166606,0.04975011284754068,0.9888881172839507,1667.0,2.2501939231252748,0.0551127583393863,0.9888881172839507,1677.0,2.265338890140092,0.0553180228646688,0.0644803478793099,0.07205042148658551,-0.048642357006288606,0.07115117593586177,0.05551005317110036,0.04975011284754068,-0.004876770234366834,0.0551127583393863,-0.03110759819373854,0.0553180228646688,0.009287653611472917,0.026259415704588424
1717.5,1.0,1437.0,2.626144737998997,0.06927719167700595,1.0,1493.0,2.7205093729999152,0.07040772677534807,1.0,2758.0,2.561484056412968,0.04877469093123951,1.0,1763.0,2.3533353489523785,0.056047682806214284,1.0,1706.0,2.2789054307678946,0.05517429466290869,-0.11473662483804814,0.06927719167700595,-0.07071145028058012,0.07040772677534807,-0.012996923672743854,0.04877469093123951,0.10131070724229385,0.056047682806214284,-0.01445401828414905,0.05517429466290869,-0.010919902695047256,0.02601780807750459
1732.5,0.7418811728395062,1113.0,2.741717502911728,0.08218170030502367,0.7418811728395062,1127.0,2.768088588672237,0.08245519573215238,0.7418811728395062,1970.0,2.4662055540021313,0.05556433977941532,0.7418811728395062,1208.0,2.1735222503259664,0.06253607550013554,0.7418811728395062,1232.0,2.21831713821145,0.06320017496021779,0.004511084607176752,0.08218170030502367,-0.018333700718915935,0.08245519573215238,-0.10294335745953997,0.05556433977941532,-0.07546210625498206,0.06253607550013554,-0.07196057529967348,0.06320017496021779,-0.06460152875720503,0.029812795277802964
1747.5,0.0,0.0,,,0.0,0.0,,,0.0,0.0,,,0.0,0.0,,,0.0,0.0,,,,,,,,,,,,,,
1762.5,0.0,0.0,,,0.0,0.0,,,0.0,0.0,,,0.0,0.0,,,0.0,0.0,,,,,,,,,,,,,,
1777.5,0.18159336419753086,282.0,2.8379910660362633,0.16899990862918388,0.18159336419753086,295.0,2.9601414232100254,0.17234609686054386,0.18159336419753086,495.0,2.531643909976802,0.11378893172748432,0.18159336419753086,331.0,2.4330975719591,0.13373513746570345,0.18159336419753086,297.0,2.184760078143571,0.12677263774294,0.11177418272235551,0.16899990862918388,0.1880164514903826,0.17234609686054386,-0.021651966924440824,0.11378893172748432,0.19319990968696432,0.13373513746570345,-0.09630391837323637,0.12677263774294,0.050677112971687976,0.06154027428281903
1792.5,0.9944436728395061,1474.0,2.7088139961046274,0.0705554299905267,0.9944436728395061,1464.0,2.6825715021457492,0.07011012933276987,0.9944436728395061,2723.0,2.5431082550346122,0.04873500634544645,0.9944436728395061,1595.0,2.140977013300203,0.05360825377123532,0.9944436728395061,1685.0,2.2634296091316672,0.05514003535371968,-0.013751427276737171,0.0705554299905267,-0.08481977258166484,0.07011012933276987,-0.004949811813976357,0.04873500634544645,-0.09590300057273549,0.05360825377123532,-0.014573542759715341,0.05514003535371968,-0.040118175012485324,0.0258007664626113
1807.5,0.9888881172839507,1532.0,2.8312192145573705,0.07233427191535183,0.9888881172839507,1506.0,2.7750335131996122,0.07150818357582624,0.9888881172839507,2643.0,2.4822607487954866,0.048283508279520854,0.9888881172839507,1627.0,2.1962000677413447,0.054447522636893925,0.9888881172839507,1679.0,2.2680405465385896,0.055350999334282946,0.11229941535680199,0.07233427191535183,0.012360227780889854,0.07150818357582624,-0.060582204073174495,0.048283508279520854,-0.03766785788469029,0.054447522636893925,-0.0069069107536043894,0.055350999334282946,-0.011536738399203604,0.025999450095362045
1822.5,1.0,1535.0,2.805241595566082,0.07160050410852935,1.0,1488.0,2.7113984909737936,0.07028973150761983,1.0,2778.0,2.580058995183185,0.048951219524683995,1.0,1724.0,2.30127631400675,0.05542428979002641,1.0,1730.0,2.310965061681394,0.055561035106859884,0.08996159861042097,0.07160050410852935,-0.0465723220546872,0.07028973150761983,0.042408789850111095,0.048951219524683995,0.07041495312618462,0.05542428979002641,0.0390681751500801,0.055561035106859884,0.041931081819751026,0.02613310943945744
1837.5,0.8692631172839506,1307.0,2.7478069946675907,0.07600609688398673,0.8748194444444445,1314.0,2.7369531069182975,0.07550395027047098,0.8748194444444445,2348.0,2.4927404454394226,0.05144320452160907,0.8748194444444445,1426.0,2.175868295141713,0.05761994525358281,0.8748194444444445,1413.0,2.1576003848781924,0.05739841896978596,0.03616099168089004,0.07600609688398673,-0.01633056450203174,0.07550395027047098,-0.03973905750446649,0.05144320452160907,-0.05199198916466585,0.05761994525358281,-0.11125102980070034,0.05739841896978596,-0.04586317741939332,0.027408939878239506
1852.5,0.9944436728395061,1492.0,2.741893135812825,0.07098492254012684,0.9944436728395061,1505.0,2.757698163066498,0.07108508382152928,0.9944436728395061,2761.0,2.578597830389484,0.04907388146874378,0.9944436728395061,1607.0,2.157084677350111,0.053809537034153046,0.9944436728395061,1684.0,2.262086327464527,0.05512367089710355,0.03387533203104809,0.07098492254012684,0.00908648413606139,0.07108508382152928,0.051267297953006885,0.04907388146874378,-0.06777998446317701,0.053809537034153046,-0.003724690504407935,0.05512367089710355,0.0034820012264166517,0.025940701711637575
1867.5,0.9833317901234567,1419.0,2.6372069151630138,0.07000886037442501,0.9833317901234567,1512.0,2.80183225272649,0.072055350437922,0.9833317901234567,2670.0,2.5217880177683263,0.04880372217707418,0.9833317901234567,1563.0,2.121731403306767,0.053667444436161185,0.9833317901234567,1610.0,2.1871223209857615,0.05450798589251372,-0.06718847080672496,0.07000886037442501,0.05787759450760488,0.072055350437922,-0.00041497052983485716,0.04880372217707418,-0.10014305716941019,0.053667444436161185,-0.0756533527267309,0.05450798589251372,-0.0419712228981918,0.02581767705032335
1882.5,1.0,1480.0,2.7047280530539424,0.0703060579498232,1.0,1521.0,2.7715303123461963,0.07106487980374862,1.0,2752.0,2.555911574781903,0.048721607631349535,1.0,1661.0,2.217180949863812,0.054402182401015645,1.0,1668.0,2.228144348488188,0.054556349093746744,0.003949316740453845,0.0703060579498232,0.03221787621804939,0.07106487980374862,0.038815002280389255,0.048721607631349535,-0.001708698601709191,0.054402182401015645,-0.03160101172946739,0.054556349093746744,0.008248629248615011,0.025859164417401343
1897.5,1.0,1448.0,2.6462474465014245,0.06954183897110393,1.0,1512.0,2.7551307246991774,0.07085431673409485,1.0,2774.0,2.576344007429142,0.04891596477072317,1.0,1669.0,2.2278597262629156,0.054533035704663745,1.0,1659.0,2.2161219868956255,0.0544089656211655,-0.050920395202377566,0.06954183897110393,0.02044588115099888,0.07085431673409485,0.06433301317784679,0.04891596477072317,0.011949531280031067,0.054533035704663745,-0.04059806982019376,0.0544089656211655,0.007165688435176767,0.025837476010260377
1912.5,0.9944436728395061,1485.0,2.729029025926304,0.07081820717565923,1.0,1441.0,2.6257561999282504,0.06917073798493653,1.0,2769.0,2.571700272736587,0.04887186056486559,1.0,1706.0,2.2772490671087677,0.05513419264929999,1.0,1707.0,2.280241248722624,0.05519046295473205,0.03546633677270217,0.07081820717565923,-0.10431551535949346,0.06917073798493653,0.06475430299249618,0.04887186056486559,0.06431299690775605,0.05513419264929999,0.02654150542892575,0.05519046295473205,0.028464599082643247,0.02595565052684893
1927.5,0.9987731481481481,1494.0,2.7336671229928595,0.0707245724872342,0.9987731481481481,1475.0,2.69101167035701,0.07006797576009338,0.9987731481481481,2662.0,2.475361251851761,0.04797716292124692,0.9987731481481481,1677.0,2.241288231279097,0.05473072226140207,0.9987731481481481,1698.0,2.2710050739105543,0.05511239210096392,0.04370385720019376,0.0707245724872342,-0.03446121959453352,0.07006797576009338,-0.02653997008802156,0.04797716292124692,0.03132098607092937,0.05473072226140207,0.0203206730799117,0.05511239210096392,0.004885960045803492,0.025810260490250137
1942.5,0.9888881172839505,1454.0,2.6870709777848676,0.07046880956978593,0.9888881172839505,1487.0,2.740023130230959,0.07105567095867246,0.9888881172839505,2698.0,2.5339158154560057,0.04878330384270336,0.9888881172839505,1597.0,2.155704676203398,0.05394321239446801,0.9888881172839505,1639.0,2.2140074185686416,0.054687691982276694,0.0007014189221332678,0.07046880956978593,0.01913492040814324,0.07105567095867246,0.03703933511194624,0.04878330384270336,-0.05129901575299067,0.05394321239446801,-0.03366659237217995,0.054687691982276694,-0.0062705057287410874,0.025840032149995303
1957.5,1.0,1518.0,2.774173773335057,0.07120291535172578,1.0,1615.0,2.942814894437283,0.07322791725555443,1.0,2707.0,2.514117962548914,0.04832162415288293,1.0,1653.0,2.2065021734647092,0.05427101359676839,1.0,1710.0,2.2842487025868112,0.05523893943571131,0.09139221762209893,0.07120291535172578,0.2264973736862239,0.07322791725555443,0.022246481747693725,0.04832162415288293,0.002456790251373242,0.05427101359676839,0.03958014666692167,0.05523893943571131,0.05651417288095991,0.02600040691003589
1972.5,1.0,1481.0,2.7065555720087087,0.07032980598561273,1.0,1507.0,2.7460198426730558,0.07073706641921654,1.0,2644.0,2.455606905422729,0.0477560194697747,1.0,1703.0,2.2732445259591043,0.05508569459624107,1.0,1741.0,2.3256590591834145,0.055737394340206296,0.02735632821302314,0.07032980598561273,0.03425917062847539,0.07073706641921654,-0.03127905987388413,0.0477560194697747,0.07215223344159938,0.05508569459624107,0.08399104048763917,0.055737394340206296,0.033162263577286445,0.025889565520288167
1987.5,0.9944444444444444,1532.0,2.8154001506498383,0.07193011371232386,0.9944444444444444,1464.0,2.682569420696725,0.07011007493322818,0.9944444444444444,2665.0,2.488938024601466,0.04821314655831229,0.9944444444444444,1566.0,2.1020485274994583,0.0531186292068418,0.9944444444444444,1740.0,2.3373082872690687,0.056032677400158826,0.13977753998729403,0.07193011371232386,-0.024648095670841474,0.07011007493322818,0.007018342833400748,0.04821314655831229,-0.0960958666370404,0.0531186292068418,0.09863590448580473,0.056032677400158826,0.014921176199859162,0.025821333236839085
2002.5,0.993800925925926,1429.0,2.6278146037424,0.0695150128608588,0.993800925925926,1419.0,2.6017970516622775,0.06906884911651152,0.993800925925926,2673.0,2.4980260149451534,0.048316723688667254,0.993800925925926,1606.0,2.1571366117642006,0.05382758301774949,0.993800925925926,1602.0,2.153329009511882,0.053799610982107546,-0.04423704021838715,0.0695150128608588,-0.10089085797915098,0.06906884911651152,0.021053631019421815,0.048316723688667254,-0.03806505126395843,0.05382758301774949,-0.08235262273019517,0.053799610982107546,-0.040946197913758926,0.02551927551171657
2017.5,0.7629899691358024,1138.0,2.7257456253055232,0.08080052687947137,0.7629899691358024,1069.0,2.5529910693204667,0.07808371056736642,0.7629899691358024,1984.0,2.415017235537985,0.05421873749858332,0.7629899691358024,1325.0,2.3180807253662263,0.0636825751429782,0.7629899691358024,1313.0,2.2987575794029476,0.06343965479976904,0.05725929387562134,0.08080052687947137,-0.14518064162969946,0.07808371056736642,-0.057026595541859404,0.05421873749858332,0.1258166505618954,0.0636825751429782,0.06606182776478509,0.06343965479976904,0.011279253294531834,0.029457544954942357
2032.5,0.9348734567901235,1410.0,2.756310715107612,0.07340381248054317,0.9348734567901235,1352.0,2.635204242852253,0.0716681073050919,0.9348734567901235,2441.0,2.425003363224136,0.04908270120331934,0.9348734567901235,1502.0,2.1446113956594433,0.055336749252533624,0.9348734567901235,1496.0,2.137598030792535,0.05526628139402067,0.09138405420917595,0.07340381248054317,-0.0584645395972605,0.0716681073050919,-0.0421304247517047,0.04908270120331934,-0.04472021003760851,0.055336749252533624,-0.09211669521541355,0.05526628139402067,-0.039102833249502894,0.02626722690958742
2047.5,0.9783209876543211,1345.0,2.5124811030109684,0.06850805880464052,0.9783209876543211,1409.0,2.624339646558059,0.06991406354520349,0.9783209876543211,2643.0,2.509072369355682,0.048805032500509216,0.9783209876543211,1638.0,2.2349305548057594,0.055221358217826165,0.9783209876543211,1597.0,2.1805739635795263,0.054565528273743405,-0.14889151727006533,0.06850805880464052,-0.06483934272161518,0.06991406354520349,0.0468303447192322,0.048805032500509216,0.04852632227875375,0.055221358217826165,-0.04616457724580014,0.054565528273743405,-0.016599160292554586,0.025808916641005604
2062.5,0.9579583333333334,1386.0,2.6441038019808674,0.07102265209676666,0.9579583333333334,1471.0,2.7980564486120447,0.0729541724494456,0.9579583333333334,2539.0,2.4615772887259415,0.04885197496724787,0.9579583333333334,1578.0,2.198831171908781,0.05535264594881342,0.9579583333333334,1601.0,2.2325026789836055,0.05579513371882373,-0.013720395594804202,0.07102265209676666,0.11335424913061987,0.0729541724494456,0.004208972515658882,0.04885197496724787,0.01534923923473297,0.05535264594881342,0.008735497012464677,0.05579513371882373,0.0193819351503314,0.026236334317057942
2077.5,1.0,1447.0,2.6444199275466582,0.06951782175782639,1.0,1541.0,2.807973840450683,0.0715305786259021,1.0,2614.0,2.4277444972674034,0.04748431603512576,1.0,1578.0,2.106388644723116,0.05302552845871539,1.0,1713.0,2.288256156450999,0.05528737341207947,-0.009861453314397917,0.06951782175782639,0.1277355565352658,0.0715305786259021,-0.024767945559168503,0.04748431603512576,-0.0741760393265527,0.05302552845871539,0.06745552074599903,0.05528737341207947,0.004988961700475363,0.025576562233023074
2092.5,0.9886859567901235,1435.0,2.652500201988974,0.07002118804048088,0.9910949074074075,1459.0,2.6824427765215435,0.0702267904008277,0.9910949074074075,2639.0,2.4729853341105525,0.04813952998707231,0.9910949074074075,1627.0,2.191309968334715,0.054326288782997834,0.9910949074074075,1633.0,2.200990746465382,0.05446595517507272,0.0017560436947809954,0.07002118804048088,0.006655660337036462,0.0702267904008277,0.02531114465488482,0.04813952998707231,0.013657503263481363,0.054326288782997834,-0.016848142173830016,0.05446595517507272,0.007646485490750032,0.02569886928799865
2107.5,0.9888881172839507,1479.0,2.7332723357247724,0.0710720461306863,0.9888881172839507,1384.0,2.550230001506151,0.06855060712652213,0.9888881172839507,2664.0,2.501983592429503,0.04847494746595134,0.9888881172839507,1616.0,2.181351757510764,0.0542631530913283,0.9888881172839507,1666.0,2.2504797799483565,0.05513629973613825,0.08605981761667403,0.0710720461306863,-0.1211185710527869,0.06855060712652213,0.05913024665453381,0.04847494746595134,0.006606502872877673,0.0542631530913283,0.035597852233664184,0.05513629973613825,0.020187487198477138,0.02577780129782545
2122.5,1.0,1418.0,2.5914218778584397,0.06881767651978714,1.0,1437.0,2.618467494307353,0.06907466746915047,1.0,2695.0,2.502972999286783,0.048214401481953086,1.0,1553.0,2.073017468475918,0.05260381404576264,1.0,1629.0,2.1760474482537515,0.053914777674769904,-0.052264570751213935,0.06881767651978714,-0.04845503759689507,0.06907466746915047,0.06492329324678536,0.048214401481953086,-0.09882556363205852,0.05260381404576264,-0.03588229192493664,0.053914777674769904,-0.026550400146071906,0.025348413282937257
2137.5,0.9451736111111111,1380.0,2.6682676366859024,0.0718273502719601,0.9451736111111111,1373.0,2.6469721276199367,0.0714355017734004,0.9451736111111111,2549.0,2.5046995794573625,0.049610171128285294,0.9451736111111111,1582.0,2.234222377876376,0.05617242302588494,0.9451736111111111,1624.0,2.2952062277001968,0.056954586241037594,0.028101698508331552,0.0718273502719601,-0.015536747991799604,0.0714355017734004,0.07143651049706978,0.049610171128285294,0.06527660059846019,0.05617242302588494,0.08622391413604236,0.056954586241037594,0.05536914179497331,0.026525071762085344
2152.5,0.901156635802469,1316.0,2.6688090049191646,0.07356810165491301,0.901156635802469,1283.0,2.5942796568556346,0.072427494520853,0.901156635802469,2367.0,2.4394693620578187,0.05014137498714523,0.901156635802469,1429.0,2.116720177720509,0.05599475327046503,0.901156635802469,1530.0,2.2679758318769827,0.0579819352867212,0.03215802965867853,0.07356810165491301,-0.06382783067576003,0.072427494520853,0.010976124477922067,0.05014137498714523,-0.049333292641839055,0.05599475327046503,0.06193619620628832,0.0579819352867212,0.0005963093193048917,0.02682660941441348
2167.5,0.9833333333333332,1411.0,2.6223348256017727,0.069811124844577,0.9833333333333332,1405.0,2.603550355261195,0.06945888695324316,0.9833333333333332,2566.0,2.423557265307337,0.04784372219016957,0.9833333333333332,1567.0,2.1271579598383212,0.053735988578205614,0.9833333333333332,1636.0,2.2224388209527355,0.05494626355164793,-0.01080672277337813,0.069811124844577,-0.050167898645950615,0.06945888695324316,-0.0001827538548089258,0.04784372219016957,-0.03600813213721832,0.053735988578205614,0.019337126405825522,0.05494626355164793,-0.012287171574849138,0.025591706556510732
2182.5,0.9833333333333332,1397.0,2.596315911669508,0.06946392704475007,0.9833333333333332,1414.0,2.620227902020875,0.06968099801314563,0.9833333333333332,2604.0,2.4594478249650455,0.04819668007973825,0.9833333333333332,1543.0,2.0945786420105486,0.05332289349383858,0.9833333333333332,1605.0,2.1803265939053422,0.054423194936507685,-0.0333217344352188,0.06946392704475007,-0.02911316129342323,0.06968099801314563,0.04044459988646398,0.04819668007973825,-0.06570498110336587,0.05332289349383858,-0.019841884568715162,0.054423194936507685,-0.016502218321269135,0.02554035592619255
2197.5,0.9853333333333333,1423.0,2.639268747597027,0.06996505262576795,0.9853333333333333,1454.0,2.6888814206997633,0.07051628868666135,0.9853333333333333,2566.0,2.41863800157532,0.047746610440121864,0.9853333333333333,1584.0,2.145870494271763,0.05391702483480245,0.9853333333333333,1694.0,2.2965584729138824,0.05579827905413318,0.013129490499860452,0.06996505262576795,0.04390561410065974,0.07051628868666135,0.004355330873598184,0.047746610440121864,-0.011535550867868505,0.05391702483480245,0.09931849696295547,0.05579827905413318,0.02740093880470195,0.02574093680581232
2212.5,0.9362430555555555,1312.0,2.560985477462853,0.0707033836329356,0.9362430555555555,1293.0,2.516519698570137,0.06998437232079018,0.9362430555555555,2395.0,2.3758242098934677,0.0485469046647955,0.9362430555555555,1509.0,2.151454354003831,0.05538440781603815,0.9362430555555555,1568.0,2.237199561146423,0.05649782073407872,-0.0616608926008233,0.0707033836329356,-0.1241026782501784,0.06998437232079018,-0.033753965408056086,0.0485469046647955,-0.0030789857613160443,0.05538440781603815,0.042883385466593094,0.05649782073407872,-0.026954638498550884,0.02610151036928899
2227.5,0.9833310185185185,1427.0,2.6520769703576907,0.07020598513000172,0.9833310185185185,1451.0,2.6887974793715927,0.07058694500899572,0.9833310185185185,2524.0,2.3838943638055077,0.04745066809276711,0.9833310185185185,1575.0,2.138022765457855,0.053873109855200586,0.9833310185185185,1632.0,2.2170102041552586,0.05487918015996361,0.032917996580431375,0.07020598513000172,0.052516810178928175,0.07058694500899572,-0.020995198139841964,0.04745066809276711,-0.013642723580838734,0.053873109855200586,0.02561313760163797,0.05487918015996361,0.007674244074246484,0.02561315806205894
2242.5,1.0,1422.0,2.598731953677504,0.06891467117894548,1.0,1419.0,2.5856683190133154,0.06864068620462722,1.0,2657.0,2.46768061562337,0.047873278736502,1.0,1660.0,2.2158461028139245,0.054385803601186035,1.0,1625.0,2.1707041764348354,0.053848543279156225,-0.016945103393822603,0.06891467117894548,-0.04628226201883345,0.06864068620462722,0.0674639582221297,0.047873278736502,0.06704362748333459,0.054385803601186035,-0.017778461208829643,0.053848543279156225,0.021127657567524664,0.0254650997447508
2257.5,0.976153549382716,1421.0,2.660344201345091,0.07057335944801939,0.976153549382716,1345.0,2.5106985131350794,0.06845945275865052,0.976153549382716,2480.0,2.359559527252106,0.047381095499623355,0.976153549382716,1613.0,2.2057065641268627,0.05492000295663284,0.976153549382716,1632.0,2.233311453404566,0.0552826962072549,0.04814359250671174,0.07057335944801939,-0.11693349856799706,0.06845945275865052,-0.03599976479226541,0.047381095499623355,0.059762282806506306,0.05492000295663284,0.04773857521586766,0.0552826962072549,0.0027098452090306797,0.025663492624586285
2272.5,1.0,1403.0,2.5640090935369466,0.06845272250708231,1.0,1449.0,2.640333611170045,0.06936247983019918,1.0,2572.0,2.388737125849947,0.047101298204406034,1.0,1673.0,2.233199114462467,0.05459834475286323,1.0,1605.0,2.143987817340253,0.05351614168756589,-0.04472052449179742,0.06845272250708231,0.017008748603285717,0.06936247983019918,-0.0021801739165576706,0.047101298204406034,0.09010822447791922,0.05459834475286323,-0.03867996024423359,0.05351614168756589,0.006251123095239735,0.025345829616733297
2287.5,0.9944444444444444,1445.0,2.6555177661155462,0.06985786165285586,0.9944444444444444,1381.0,2.5304838592774432,0.06809366851311494,0.9944444444444444,2572.0,2.40208202599436,0.04736443394856473,0.9944444444444444,1634.0,2.1933252196258715,0.05425965227291611,0.9944444444444444,1523.0,2.045816391672869,0.052422376147691525,0.05025369246617739,0.06985786165285586,-0.0885451776543631,0.06809366851311494,0.015791508106043572,0.04736443394856473,0.053082935040591916,0.05425965227291611,-0.13395093370137046,0.052422376147691525,-0.02068460884629261,0.02523865805837803
2302.5,0.9515810185185186,1375.0,2.640698494297038,0.07121434246647813,0.9515810185185186,1348.0,2.58127657702389,0.07030554747145672,0.9515810185185186,2479.0,2.4195140673916566,0.04859480996556523,0.9515810185185186,1509.0,2.1167763533333352,0.05449169980770633,0.9515810185185186,1526.0,2.142180391628925,0.054837642111230794,0.03889452953436079,0.07121434246647813,-0.033467862982051066,0.07030554747145672,0.03783528031718619,0.04859480996556523,-0.020622095326051415,0.05449169980770633,-0.03469111961079596,0.054837642111230794,-0.0010459223451327704,0.025886644249821462
2317.5,0.9444398148148146,1336.0,2.585199485735736,0.0707279111169297,0.9444398148148146,1368.0,2.63938186769016,0.07136071291391069,0.9444398148148146,2283.0,2.245065516468151,0.04698682107675506,0.9444398148148146,1561.0,2.206277427306039,0.0558417050184922,0.9444398148148146,1524.0,2.1555492801903626,0.05521606747289584,-0.013149794749724553,0.0707279111169297,0.028910888840885107,0.07136071291391069,-0.1320164347831505,0.04698682107675506,0.07171806129786606,0.0558417050184922,-0.018431044802638574,0.05521606747289584,-0.02656644512996669,0.025837918567436356
2332.5,0.961108024691358,1382.0,2.627832804015882,0.07068767675727866,0.961108024691358,1386.0,2.627734274148779,0.07058295404885502,0.961108024691358,2459.0,2.3762039886532165,0.047918636968160074,0.961108024691358,1486.0,2.063849916111583,0.05353880918536009,0.961108024691358,1623.0,2.255763644488974,0.055993076874880844,0.03293279402805549,0.07068767675727866,0.02152571181980223,0.07058295404885502,0.0037041311262182575,0.047918636968160074,-0.0678751045761361,0.05353880918536009,0.0846698879201826,0.055993076874880844,0.010538088696198137,0.0257839611233884
2347.5,0.9756288580246913,1346.0,2.5212871604634524,0.06872263170245545,0.9756288580246913,1414.0,2.6409196650904985,0.07023126415611392,0.9756288580246913,2444.0,2.3265584028707664,0.04706123914579854,0.9756288580246913,1575.0,2.154901514321796,0.05429841434982823,0.9756288580246913,1576.0,2.1578380747321315,0.054355155850109006,-0.07016898202873101,0.06872263170245545,0.0389625640152067,0.07023126415611392,-0.041373953243414974,0.04706123914579854,0.026006117322094457,0.05429841434982823,-0.010373721285208415,0.054355155850109006,-0.013170013161556183,0.025452298126953248
2362.5,0.9888888888888888,1436.0,2.65380392937057,0.07003120720770448,0.9888888888888888,1411.0,2.599979569656594,0.06921598895709048,0.9888888888888888,2500.0,2.3479557434263465,0.04695911486852692,0.9888888888888888,1604.0,2.165151911481103,0.05406126339043969,0.9888888888888888,1639.0,2.214005691034763,0.0546876493108566,0.06578626209830318,0.07003120720770448,0.002263062217750189,0.06921598895709048,-0.015423556828427998,0.04695911486852692,0.039081431998404526,0.05406126339043969,0.04867125753693724,0.0546876493108566,0.023685355342589937,0.02546056809508071
2377.5,0.9944444444444444,1435.0,2.637140480536892,0.06961571928943641,0.9944444444444444,1455.0,2.6660782152416225,0.06989424042947827,0.9944444444444444,2526.0,2.3591209944252545,0.046938968588000576,0.9944444444444444,1600.0,2.1476868735626646,0.053692171839066626,0.9944444444444444,1551.0,2.083428249169153,0.05290206801638368,0.05255590688468725,0.06961571928943641,0.07259151979244827,0.06989424042947827,0.00028044827818796136,0.046938968588000576,0.024436620658720987,0.053692171839066626,-0.07903341010307496,0.05290206801638368,0.003866964420602605,0.02524488760949782
2392.5,0.9823441358024692,1415.0,2.6324169165846425,0.06998040524697424,0.9823441358024692,1364.0,2.530120073140798,0.06850684183841071,0.9823441358024692,2475.0,2.339962737128415,0.04703502074223016,0.9823441358024692,1546.0,2.1007643491869623,0.053428452302160305,0.9823441358024692,1503.0,2.043819790625389,0.052718507903299384,0.05126006557902896,0.06998040524697424,-0.059147507633667384,0.06850684183841071,-0.014353215746463643,0.04703502074223016,-0.019670353064534574,0.053428452302160305,-0.11577367307423314,0.052718507903299384,-0.03619764380935275,0.025162407306341634
2407.5,0.9655408950617284,1411.0,2.6706577197957224,0.07109756453431074,0.9655408950617284,1303.0,2.45903189409238,0.06812271587087237,0.9655408950617284,2446.0,2.3527900508578083,0.04757238759935544,0.9655408950617284,1571.0,2.171885961640013,0.05479600866376973,0.9655408950617284,1491.0,2.062786341508404,0.053421419695688546,0.0929232310409871,0.07109756453431074,-0.12602718659003997,0.06812271587087237,0.0029846685190522138,0.04757238759935544,0.0542621489131907,0.05479600866376973,-0.09394349572248117,0.053421419695688546,-0.014494493164815514,0.025493720101540433
2422.5,0.9846165123456789,1361.0,2.52611373692212,0.06847370665060894,0.9846165123456789,1433.0,2.65197541981677,0.07005617139803379,0.9846165123456789,2556.0,2.4109662442877586,0.04768817528742055,0.9846165123456789,1570.0,2.1284528971907504,0.05371730518327102,0.9846165123456789,1622.0,2.2005488384598255,0.05463935785593844,-0.04820373944747702,0.06847370665060894,0.07111430581454181,0.07005617139803379,0.06565754509866029,0.04768817528742055,0.013635327453032087,0.05371730518327102,0.04667806805605945,0.05463935785593844,0.03474068464316643,0.02549669048471149
2437.5,1.0,1385.0,2.5311137523511555,0.06801219272373948,1.0,1470.0,2.678599315679756,0.06986329846265255,1.0,2473.0,2.296791178937371,0.04618590451465518,1.0,1557.0,2.07835685667547,0.05267151525015731,1.0,1540.0,2.057159650282859,0.052421281905273356,-0.039792051016044105,0.06801219272373948,0.10192571459215438,0.06986329846265255,-0.04403459182378455,0.04618590451465518,-0.03365910221613522,0.05267151525015731,-0.09385660355544712,0.052421281905273356,-0.03385551622958414,0.02488968373969499
2452.5,0.9624467592592593,1343.0,2.550123352423106,0.0695862097699799,0.9624467592592593,1334.0,2.525628873684487,0.06914990998306683,0.9624467592592593,2390.0,2.306314777088917,0.047175838840456376,0.9624467592592593,1532.0,2.1247779794096684,0.05428554148407725,0.9624467592592593,1601.0,2.2220912740849474,0.0555349298973502,-0.01737610688763791,0.0695862097699799,-0.04686759009633512,0.06914990998306683,-0.03004168992290346,0.047175838840456376,0.015559013420536782,0.05428554148407725,0.07392499585237156,0.0555349298973502,0.0015445285421675245,0.025577627770793605
2467.5,0.8090362654320987,1106.0,2.498325539080586,0.07512274765000751,0.8090362654320987,1191.0,2.682465782251528,0.07772814620717915,0.8090362654320987,2074.0,2.3808835682325795,0.05227978365410394,0.8090362654320987,1298.0,2.141599264192588,0.05944301960410065,0.8090362654320987,1306.0,2.156365942315923,0.05966929072072908,-0.06577289472828385,0.07512274765000751,0.11413615687374756,0.07772814620717915,0.0489829077744286,0.05227978365410394,0.03517268717450506,0.05944301960410065,0.011045107957216693,0.05966929072072908,0.030032060189498395,0.028033512203340903
2482.5,0.9005470679012345,1233.0,2.5021800098446665,0.07125855507988638,0.9005470679012345,1331.0,2.6931593936626594,0.07381982817686028,0.9005470679012345,2273.0,2.3441770746698176,0.049168923104939,0.9005470679012345,1433.0,2.124082006004772,0.056111022735810624,0.9005470679012345,1410.0,2.0915101312335196,0.05569938709476288,-0.058522706670262714,0.07125855507988638,0.12898638306869747,0.07381982817686028,0.016718848552268906,0.049168923104939,0.020443227857189772,0.056111022735810624,-0.05096978182567691,0.05569938709476288,0.006362737649541425,0.026407147541282084
2497.5,0.9797947530864197,1368.0,2.55160167192651,0.06898740822992469,0.9804691358024691,1340.0,2.490355171661942,0.0680313189565855,0.9804691358024691,2465.0,2.33496508949825,0.04702966984263584,0.9804691358024691,1502.0,2.044878513478839,0.05276337232064262,0.9804691358024691,1573.0,2.1430982027487797,0.05403531789066745,-0.005710625199765396,0.06898740822992469,-0.06967137386940259,0.0680313189565855,0.011936048048693415,0.04702966984263584,-0.05597704224370714,0.05276337232064262,0.00345469750530647,0.05403531789066745,-0.01884855105449175,0.025157816064718966
2512.5,0.9944436728395061,1394.0,2.5617955974015265,0.06861405527792987,0.9944436728395061,1384.0,2.535982895471118,0.0681676425437509,0.9944436728395061,2532.0,2.3647264420667056,0.04699471898084979,0.9944436728395061,1599.0,2.1463462346501725,0.05367543206046326,0.9944436728395061,1687.0,2.2661161724659484,0.05517274970566545,0.00786843201794607,0.06861405527792987,-0.01990726217506955,0.0681676425437509,0.04611345576751624,0.04699471898084979,0.04826933839176606,0.05367543206046326,0.12930457058126343,0.05517274970566545,0.04980638518692647,0.02535090559426806
2527.5,0.9944436728395061,1386.0,2.5470937575312167,0.06841688804481161,0.9944436728395061,1405.0,2.5744624047232088,0.06868286329614866,0.9944436728395061,2427.0,2.266663141744034,0.04600998529296452,0.9944436728395061,1512.0,2.029565670288343,0.05219479698225831,0.9944436728395061,1577.0,2.118355189080498,0.053343675257556886,-0.003453553538952825,0.06841688804481161,0.022698629005539317,0.06868286329614866,-0.04754680109773668,0.04600998529296452,-0.06573711614771183,0.05219479698225831,-0.01562900493622088,0.053343675257556886,-0.029699279974585654,0.024872100594324018
2542.5,0.988633487654321,1370.0,2.532486507178776,0.06842059657586658,0.988633487654321,1348.0,2.484534283853067,0.06767060321729981,0.988633487654321,2362.0,2.218921669310983,0.045656437875163935,0.988633487654321,1530.0,2.0657968922074375,0.052813129679760325,0.988633487654321,1558.0,2.1051323867310505,0.053332959783522614,-0.014686216832597854,0.06842059657586658,-0.06311304596428569,0.06767060321729981,-0.09089812621822135,0.045656437875163935,-0.026736320889579446,0.052813129679760325,-0.026028886000363904,0.053332959783522614,-0.04887291463164836,0.024831373792312147
2557.5,0.973087962962963,1346.0,2.5278706619957436,0.06890207796237018,0.973087962962963,1363.0,2.552314420536392,0.06913313419085408,0.973087962962963,2479.0,2.366038578421987,0.04752077974630794,0.973087962962963,1523.0,2.089196593069622,0.053533958420782846,0.973087962962963,1555.0,2.1346445528715856,0.054132785217803715,-0.01593273207816237,0.06890207796237018,0.008773669256942895,0.06913313419085408,0.06059614738434416,0.04752077974630794,-0.0005715701692157182,0.053533958420782846,0.006301723695619543,0.054132785217803715,0.017557217265992558,0.025376441263223113
2572.5,0.9803711419753086,1348.0,2.5128193247928667,0.06844099539697783,0.9803711419753086,1347.0,2.503614715638969,0.0682155991080187,0.9803711419753086,2435.0,2.3067782173977083,0.046747281352659445,0.9803711419753086,1540.0,2.0968226917466213,0.05343198978956737,0.9803711419753086,1547.0,2.1078857664070347,0.05359224058528542,-0.027619986372384275,0.06844099539697783,-0.03582925703288353,0.0682155991080187,0.005700479181201423,0.046747281352659445,0.009815067735965854,0.05343198978956737,-0.01764308814346993,0.05359224058528542,-0.008641961213969618,0.025122585073182845
2587.5,1.0,1319.0,2.410497501336588,0.06637190575920751,1.0,1408.0,2.5656243785558472,0.06837411942594057,1.0,2430.0,2.2568550605814037,0.04578260835926382,1.0,1508.0,2.012949351230963,0.05183608302200722,1.0,1609.0,2.1493310891591695,0.0535827869707832,-0.1265829638964875,0.06637190575920751,0.030267450787920147,0.06837411942594057,-0.03987054745740126,0.04578260835926382,-0.07130223147800852,0.05183608302200722,0.026611749053336187,0.0535827869707832,-0.03573461987325897,0.024704871632630566
2602.5,0.9848626543209877,1432.0,2.6572305607724136,0.07021949949770871,0.9848626543209877,1437.0,2.658713357460642,0.0701363455768093,0.9848626543209877,2354.0,2.2198732824953136,0.04575356670144267,0.9848626543209877,1531.0,2.0750617605531776,0.05303266256345797,0.9848626543209877,1499.0,2.0331678791491092,0.05251367638378298,0.1235037145077631,0.07021949949770871,0.127433805941636,0.0701363455768093,-0.07251265105739835,0.04575356670144267,-0.006438266220409439,0.05303266256345797,-0.08674639799221007,0.05251367638378298,-0.010880891922882335,0.02498459201858644
2617.5,1.0,1412.0,2.5804567641298424,0.06867192765899237,1.0,1373.0,2.501848204372996,0.06751895117269903,1.0,2473.0,2.296791178937371,0.04618590451465518,1.0,1600.0,2.13575527982065,0.05339388199551624,1.0,1606.0,2.145323635294982,0.05353281078676706,0.05007831984354816,0.06867192765899237,-0.02536357565461067,0.06751895117269903,0.008732569102989807,0.04618590451465518,0.05700233603693938,0.05339388199551624,0.02820997829205707,0.05353281078676706,0.02436855486737563,0.025000679193931712
2632.5,0.27516049382716046,379.0,2.5171843320336897,0.12929907407974098,0.27516049382716046,388.0,2.5694257027723464,0.13044282669528276,0.27516049382716046,700.0,2.362704209151386,0.08930182512885866,0.27516049382716046,376.0,1.8240354339279465,0.09406744502410808,0.27516049382716046,433.0,2.1020792859931245,0.10101948368770111,-0.009850917329135012,0.12929907407974098,0.046272152251035426,0.13044282669528276,0.0789606752094576,0.08930182512885866,-0.2519748875262746,0.09406744502410808,-0.0122381850882336,0.10101948368770111,-0.03877892046553894,0.04688159429463324
2647.5,0.0,0.0,,,0.0,0.0,,,0.0,0.0,,,0.0,0.0,,,0.0,0.0,,,,,,,,,,,,,,
2662.5,0.0,0.0,,,0.0,0.0,,,0.0,0.0,,,0.0,0.0,,,0.0,0.0,,,,,,,,,,,,,,
2677.5,0.0,0.0,,,0.0,0.0,,,0.0,0.0,,,0.0,0.0,,,0.0,0.0,,,,,,,,,,,,,,
